reviewId,app_name,score,lang,install_tier,star_band,content_clean,gold_label,annotator,notes
b558e12a-cf5f-4bab-8c8d-b674a7eef151,Athan: Prayer Times & Al Quran,1,en,10M-100M,1-2,Has a lot of ads,,,
02ae58b6-0c07-45ea-b3f6-0ffa0bcdcd18,Athan: Prayer Times & Al Quran,1,en,10M-100M,1-2,Useless. Athan notifications don't work,,,
8ef19e99-35e7-4348-b8ad-3a303876fa77,Athan: Prayer Times & Al Quran,1,en,10M-100M,1-2,Calls the athan whenever it likes.,,,
cc942e83-faa5-4ba0-91d5-87d0a78f1cbd,Athan: Prayer Times & Al Quran,1,en,10M-100M,1-2,When will yall actually upload all the duas in the dua section??? The night duas used to be there and now they r not. The entire app is just filled with a bunch of haram useless ads.,,,
72257c94-4e75-4ca7-81e3-9e72b0c1b1ac,صلاتك Salatuk (Prayer time),1,en,10M-100M,1-2,best app.It help me for performing Salah at time..,,,
b222afeb-9e45-4b44-b033-b8fc111797b2,Athan: Prayer Times & Al Quran,1,en,10M-100M,1-2,It was set not to ring when my phone is on vibrate yet in class when my phone was on vibrate it rang. Not only was it set not to ring when my phone is on vibrate but it wasn't even set to ring at that time and it did.,,,
84785a19-40db-43e1-a059-86cc2143ac85,Athan: Prayer Times & Al Quran,1,en,10M-100M,1-2,"I am really sick and tired of ads.. this app has everything i want, but these ads annoying me so much that I am now deleting this again, this is being third time i am doing this",,,
65926bad-5a08-4fed-a721-de60ddd3a08a,Athan: Prayer Times & Al Quran,1,en,10M-100M,1-2,poor choice and timing of advertisments.,,,
174b80e7-9405-4cf4-a53e-9728145102b3,Athan: Prayer Times & Al Quran,2,en,10M-100M,1-2,Recently the app has been using a huge amount of RAM (up to 260 MB). This causes other apps like Chrome to freeze.,,,
4e54cc5d-2f53-4c51-9731-20201b908023,Athan: Prayer Times & Al Quran,1,en,10M-100M,1-2,"Assalamu alaikum,, it's always giving timing for makkah only. Evenif you change your also next time when you log in its city is makkah.",,,
a60048fe-e279-498e-afd3-42086da03c28,"Muslim: Prayer, Qibla Finder",1,en,10M-100M,1-2,the first thing that come out when I opened the app is the add. so i just uninstalled it,,,
daac7b3c-0cd9-4f2f-86f0-aa70f54025f0,Athan: Prayer Times & Al Quran,1,en,10M-100M,1-2,"this app is useless if the widget isn't free, also the amount of ads is ridiculous",,,
b81595b6-2ee5-463e-aa88-3d25faf0cd32,Athan: Prayer Times & Al Quran,1,en,10M-100M,1-2,"Saw an ad for DraftKings on this app, stay away from using this app at all. I paid for it years ago and even so I can't use it as a widget without crashing. The app is now much too bloated",,,
a6325784-22b8-48b5-a95b-c41365a69eca,Athan: Prayer Times & Al Quran,1,en,10M-100M,1-2,Alhamdulillah best app for islamic knowledge,,,
472ccf5d-7018-4b86-a50a-3ed267344483,صلاتك Salatuk (Prayer time),1,en,10M-100M,1-2,"The winter time is wrong, I've been praying an hour late because of that. Please fix this!",,,
909e82d5-831c-43aa-bc68-03ea4418133f,"Sajda: Prayer Times, Quran",1,en,10M-100M,1-2,very unaccurate and not good,,,
13ae731a-44e6-4ef8-a305-c9c65e9afec8,Athan: Prayer Times & Al Quran,1,en,10M-100M,1-2,Now premium is a monthly fee,,,
d009e554-50b2-4709-aa4c-0e89eb2cbb12,صلاتك Salatuk (Prayer time),1,en,10M-100M,1-2,i always got notification saying the app is close bc it doesn't work properly,,,
2bb10df3-b4ae-4fd4-ae28-e5bbe2677b57,Athan: Prayer Times & Al Quran,1,en,10M-100M,1-2,"Why keep on giving me wrong notification, it always like this. For example: Not even Isya yet but telling me its Isya. And all other prayer. I will give more star if it fixed.",,,
c4fe1f35-d060-4f35-95bc-e5972ac48bc1,Athan: Prayer Times & Al Quran,2,en,10M-100M,1-2,Can't turn off or stop athan,,,
fbcc91e1-272d-4f4a-b54c-db37521764cf,صلاتك Salatuk (Prayer time),1,ar,10M-100M,1-2,التطبيق كان جيد لكنه بعد آخر تحديث يعطي مواعيد خاطئة للصلاة في الأردن,,,
a0479ea7-d89e-42f0-ab0c-06c2927ddc6b,Salaat First: Prayer Times,1,ar,10M-100M,1-2,وقف تماما على الساعه و سالغي التطبيق,,,
58f8943a-9ae6-498e-81f3-b22f0019d303,Athan: Prayer Times & Al Quran,1,ar,10M-100M,1-2,البرنامج لا يعمل بصورة صحيخة فيه بعض الأغلاط,,,
77d23030-e3ef-465b-8f81-83f62b21109e,صلاتك Salatuk (Prayer time),2,ar,10M-100M,1-2,بعد التحديث الاخير أصبح سيئا للغاية,,,
f99041d8-61ac-4279-9086-dd66450752a4,صلاتك Salatuk (Prayer time),1,ar,10M-100M,1-2,يوجد مشاكل به أصبح منذو فترة لا يآذن,,,
3ab0a9b7-b843-4ba8-a4e0-c76c6c3ea172,"Muslim: Prayer, Qibla Finder",1,ar,10M-100M,1-2,كل ضغطة زر إعلان كل ثانية إعلان,,,
3b28052e-93f4-4cdc-83b1-dcab17d96a3b,صلاتك Salatuk (Prayer time),1,ar,10M-100M,1-2,لايعمل بطريقه صحيحة وبيعلق ولا يؤذن علي اسوس سيلفي,,,
e58b68e1-50b7-4267-a06f-e4fe0ff37dec,Athan: Prayer Times & Al Quran,1,ar,10M-100M,1-2,لا يسوى شيء وهل يوجد برامج إسلامية بالمال,,,
df6e326b-3b26-41e3-8dbd-4bb3210910ec,صلاتك Salatuk (Prayer time),1,ar,10M-100M,1-2,التطبيق ممتاز ولاكن قمة بازالته بسبب الزام سماح صلاحية الموقع. السؤال لماذا؟؟,,,
6935751f-9c13-470a-b8b6-e0d16b02310b,صلاتك Salatuk (Prayer time),1,ar,10M-100M,1-2,حاجه واحدة اريدها ان تسمحوا لي ان اخفي الاشعار الذي يظهر في الاشعارات من مؤقت للصلاه,,,
6a73709a-b81e-46ec-82bb-3e11cff48bd9,صلاتك Salatuk (Prayer time),2,ar,10M-100M,1-2,كل شوية يفصل ويعطل الحاجة اللي بعملها يطلعلي زي المسمار عاوز عربي ولا انجليزي ويحدد الموقع بسلامته والويبجيت كل شوية تعلق سنين عالمال دهومابيتحسنش,,,
19735d1f-6be1-4014-9ac9-abf9c7063880,صلاتك Salatuk (Prayer time),1,ar,10M-100M,1-2,السلام عليكم، أنا مستخدم لهاتف Huawei P30 Lite. عند تشغيل تطبيق صلاتك، يتوقف عند شاشة اختيار اللغة ولا تظهر أي خيارات، مما يمنعني من استخدام التطبيق. قمت بتحديث التطبيق ومسح بياناته وإعادة تثبيته دون جدوى. أرجو منكم المساعدة في حل المشكلة. جزاكم الله خيراً.,,,
685b9f66-d2fb-496f-9d0d-804d6bc0eb10,صلاتك Salatuk (Prayer time),2,ar,10M-100M,1-2,التطبيق كان بصيغته القديمة احسن,,,
ee970817-b1a8-4a11-aa7e-38786daa3199,صلاتك Salatuk (Prayer time),1,ar,10M-100M,1-2,برنامج معقد وشاشاته غير سهله وغير منظمة فعلا لابد من ازالته والبحث عن برنامج اسهل من هذا,,,
fe61f905-7775-4d56-a544-d68e9a355d94,Athan: Prayer Times & Al Quran,1,ar,10M-100M,1-2,لا نجوم بعد اليوم برنامج مليء بالإشعارات أكثر إلتزامكم بالإشعارات من التنبيه بمواقيت الصلاة ثم لماذا السوأل هل صليت ؟ هل صليت الصلاة لله أم للتطبيق (app ) أعطيتكم نجمة فقط بسبب سياسة google,,,
b212cd37-299b-4628-80cc-88bfefd79132,صلاتك Salatuk (Prayer time),1,ar,10M-100M,1-2,برجاء الهتمام بصوت الذان و الشعرات من اخر تحديت و الاشعارات مش مظبوطه,,,
93401f67-f34a-4f9e-91c0-1be258860dfd,صلاتك Salatuk (Prayer time),1,ar,10M-100M,1-2,في مشكلة بالتحديث الاخير لانو دايما ع توقيت مكه مهما اعدل بالموقع برجع لمكه وانا سكان عمان,,,
92825b16-2fc7-4686-b12b-fa5239e286d2,صلاتك Salatuk (Prayer time),1,ar,10M-100M,1-2,من بعد آخر تحديث والتطبيق لا يعمل بشكل صحيح... أرجو إلغاء التحديث الأخير. app keeps crashing and not notification for adhan. please resolve the issue.,,,
62ed5d8a-a448-4456-bcf1-cf491966d0a5,صلاتك Salatuk (Prayer time),1,ar,10M-100M,1-2,التحديث الأخير سئ جدا وشكله غير مقبول الأصدار القديم افضل حزفت البرنامج,,,
5729aa06-5fb7-47ed-bd1e-c600cfe2b056,صلاتك Salatuk (Prayer time),1,ar,10M-100M,1-2,سىء جدا جدا جدا و لا يؤذن رغم ضبط كل شىء و ظهور علامة المنبه بشريط التنبيهات .. oppo f9 ازداد سوءا و تعقيدا بعد التعديلات الاخيرة,,,
db3556a3-57a2-4ee5-bfe1-26c19cb65734,Athan: Prayer Times & Al Quran,3,en,10M-100M,3,Unable to log prayer. It says can't create an account now...,,,
11cdafbb-ba3b-431c-abcf-b98462212541,Athan: Prayer Times & Al Quran,3,en,10M-100M,3,Azan are not sound sometimes it's missing azans,,,
92050380-3a43-4586-8268-3bea3b15a452,Athan: Prayer Times & Al Quran,3,en,10M-100M,3,Its a very useful app but the ads are not cool and keep popping up every time especially ads that are not Islamic. Would have give 5 but the ads,,,
1a12c8e3-f25f-4a6d-b0ea-53d9e0105da7,Athan: Prayer Times & Al Quran,3,en,10M-100M,3,I've been using this app for abt a yr now and it has been very useful for me but recently whenever I go to log my prayers the app crashes and exits it. Pls fix this or tell me how I can fix it.,,,
0fac3400-5dab-4492-b081-aae0e7400c9e,Salaat First: Prayer Times,3,en,10M-100M,3,"It was working fine, then Adhan wasn't playing anymore, I just get notifications in prayer time. I uninstalled it and installed it again but it is still not working , it is unfortunate because I really like how the application is easy to use, I really like the remembrence figures in it, I hope they can fix the adhan problem.",,,
55671012-eb18-4e7d-943b-9001282f63d4,Athan: Prayer Times & Al Quran,3,en,10M-100M,3,"Following are some suggestions for the dev team: 1) If the area of daily goals adds the feature of letting the users edit/add any goal of their choosing. 2) The ability to upload Surah's, Duas and other religious data by taking a picture through the app to add them in the users daily goals 3) To have the ability to reorder any supplications, Surah's, Tasbeeh's according to the requirements of the user's need & situations in the application then it would be a great addition to this awesome app",,,
13e09508-4542-45be-8047-49b6753fd9d4,Athan: Prayer Times & Al Quran,3,en,10M-100M,3,The app is very much useful... After installing the app got kots of bugs.. Always location changes to MAKKAH...widget problem.... Plz fo fix all errors....,,,
e7d88e1c-4e5a-4289-8b2e-2e28b23e439f,صلاتك Salatuk (Prayer time),3,en,10M-100M,3,"something wrong with huawei mate 10 wedget, it doesn't update prayers times!!",,,
336b8073-6819-43ab-9be1-329a687d97f2,Athan: Prayer Times & Al Quran,3,en,10M-100M,3,There are some mistakes in the translation I pointed out 3 mistakes till now the whole translation is wrong,,,
c5a54975-4c38-4667-9aff-23b0aad8fe20,Athan: Prayer Times & Al Quran,3,en,10M-100M,3,All are super and I useful but Adan is not working with out network,,,
89f715e4-c450-4842-91c4-3ea878b4628c,صلاتك Salatuk (Prayer time),3,en,10M-100M,3,"nice application for its purpose, convenient and accurate for any location worldwide. just need to have more Azans from other Sheikhs like Menshaey and Abdul Bassett.",,,
249178d9-51a7-46e8-9d38-854df610bdbf,Athan: Prayer Times & Al Quran,3,en,10M-100M,3,azan stopped after last update ?!! plus filter the ads as we get unexpected ads totally in offended way,,,
2a70595d-79e7-4242-adea-156ecc177c41,صلاتك Salatuk (Prayer time),3,en,10M-100M,3,"The problem i face is during the ring of azan, the music player opens and it remains in the lock screen. Please fix the bug.",,,
d07cff01-247b-4f71-b54c-b8c786816ba4,Athan: Prayer Times & Al Quran,3,en,10M-100M,3,Compass doesn't properly show qibla direction. There is no way to change juristic method of prayer time calculation.,,,
83e83dc1-4cdd-4e39-8040-c9b611f9f91f,Athan: Prayer Times & Al Quran,3,en,10M-100M,3,Great app... But the widget is actually 4x1. But it unncssary takes space of 4x2,,,
431c596c-97e2-4857-a201-bd45bbb25621,Athan: Prayer Times & Al Quran,3,en,10M-100M,3,"I subscribe to the pro version of this app, after that the prayer calls starts without any reason on not on time like the free version, and I had to cancel my subscription",,,
046ecc37-0f0c-43ec-942e-0e8ec8e67e94,صلاتك Salatuk (Prayer time),3,en,10M-100M,3,This is important in all muslim..in Shaa Allah..,,,
6e48c6ec-7634-45e3-89f0-fd0ac92b42f4,صلاتك Salatuk (Prayer time),3,en,10M-100M,3,Please fix the apps because it displays incorrect praying time on my location (Indonesia).,,,
4526ed35-40be-40fa-87f1-bc8fbc5534cd,صلاتك Salatuk (Prayer time),3,en,10M-100M,3,"It does not notify me about prayer at all,it does not even vibrate",,,
7a113ea5-9d64-4d4d-9d6e-74648926c5e4,Athan: Prayer Times & Al Quran,3,en,10M-100M,3,its great but u should add the complet islamic calendar other than Gregorian becose we already have Gregorian calendar on the screen everyone on every phone. i only see important dates of islamic calender not the complete calender,,,
eca5bc74-dd74-45f8-bd65-df67228fa44e,Salaat First: Prayer Times,3,ar,10M-100M,3,أظن أنه يجب إضافة الركعات,,,
56c6aecf-81c1-478f-8ff4-868116af14f6,صلاتك Salatuk (Prayer time),3,ar,10M-100M,3,جزاكم الله خير الجزاء وجعل عملكم خالصا لوجه وجعل في ميزان حسناتكم يوم لا ينفع مال ولا بنون . صراحة إنه تطبق جيد جدا وأرجوا من الأخوة أن يقوموا دائما بتطويره حتى يكون صالحا لكن زمان ومكان. وشكرا لكم فقد أفدتم وأجزتم,,,
4843c70f-03e4-48f8-af9b-3eb70a27da5d,صلاتك Salatuk (Prayer time),3,ar,10M-100M,3,يا حبذا لو تم ادخال التوقيت الصلاة لجميع دول العالم,,,
453b352c-314f-43f6-af19-d862ad0b4340,صلاتك Salatuk (Prayer time),3,ar,10M-100M,3,التحديثات الاخيرة جدا مزعجه، النوتفيكشن مستمر في كل وقت وليس في اوقات الصلاة. الرجاء تعديله وارجاعه كالسابق.,,,
ec193a91-d2af-48e9-b459-0606be6669a3,Salaat First: Prayer Times,3,ar,10M-100M,3,التطبيق في العادة جيد جدا و أشكر جهودكم و تفانيكم ، لكن بعد اخر تحديث و هو اليوم ، لم يعد التوقيت الهجري صحيحا ، فاليوم هو عاشوراء اليوم العاشر من شهر محرم المقابل ليوم 5 يوليو ، لكن في التطبيق يكتب ان اليوم هو التاسع من شهر محرم و هذا خطأ ، أرجو منكم اصلاح هذا الخطأ الفادح! التطبيق لم يعد يعمل بشكل جيد ، لم يعد التطبيق يضع التنبيهات للصلوات بالأذان,,,
3a9e5f26-54fb-4227-88fb-73d7ca83851e,صلاتك Salatuk (Prayer time),3,ar,10M-100M,3,التطبيق يحتاج لتحديث ضروري جدا للأندرويد هواوي. تحياتي,,,
3316bbca-3d5a-4383-b09f-3252ca4a2d70,صلاتك Salatuk (Prayer time),3,ar,10M-100M,3,البرنامج كان جيد جداً .. ولكنه الآن يعطيني توقيت غير منطقي .. ارجو منكم ايضاح السبب,,,
97f6b86b-ccb3-44d6-8245-22172fbf8d7b,صلاتك Salatuk (Prayer time),3,ar,10M-100M,3,",لا يعمل علي اصدار 6 مرشملوه",,,
888e3626-ca4d-4b36-8fae-a5abd388c72b,صلاتك Salatuk (Prayer time),3,ar,10M-100M,3,توقيق صلاة المغرب في جدة غير صحيح,,,
a47b4518-124a-4196-8b25-8185adaaf085,صلاتك Salatuk (Prayer time),3,ar,10M-100M,3,الاذان للمغرب والعشاء غير صحيح,,,
fd046b8e-5629-44f5-892d-f89f7b090344,صلاتك Salatuk (Prayer time),3,ar,10M-100M,3,٠٠٠ ٠ ح٠ ٩٠زحط٠٩0 89990 i ح٠، ٠ . 0٠ ٠ ط,,,
a3b3abad-f372-4dfa-9a38-5faeb17f9da0,صلاتك Salatuk (Prayer time),3,ar,10M-100M,3,هو كويس بس مافيه بس اوقات صلاة و بوصلة لا اكثر اتمنى لو تضيفو اذكار و القرآن و أدعية اذا ممكن و شكراً,,,
d51fc196-947b-440d-be08-a83d6e5bd747,صلاتك Salatuk (Prayer time),3,ar,10M-100M,3,بدأ التطبيق منتظما فى أوقات الأذان ثم صار يغفل الأذان فى بعض الصلوات بالتبادل فمثلا فى يوم يفوت أذان الفجر وفى آخر يفوت أذان الظهر وهكذا لا يفوت يوم دون أن يفوت أذانا واحدا على الأقل,,,
181af7f3-dfab-417d-9200-403a307c5344,Salaat First: Prayer Times,3,ar,10M-100M,3,ليس هناك فقره لصلاة الجمعه منفرده و الوضع الصامت لصلاة العشاء قصير لوجود التراويح,,,
4f5268fe-9928-4be1-a4c0-66ff2aad2b96,صلاتك Salatuk (Prayer time),3,ar,10M-100M,3,التشكيل الجديد لم يعجبني 7/8/2020,,,
db2c3385-1c6b-4433-a791-26d77cb097c2,صلاتك Salatuk (Prayer time),3,ar,10M-100M,3,تليفونى لينوفو s90للاسف اتجاه القبله لايعمل ابداااا,,,
114ae994-2501-49bc-8098-a923624b46db,صلاتك Salatuk (Prayer time),3,ar,10M-100M,3,انا بحب البرنامج دة جدا بس مش عارفة بقي بيحدد الموقع في مكة وانا في مصر! مواعيد الصلاة غير صحيحة,,,
2a32eb52-8ab4-40e6-aebe-db8bf73b0f63,صلاتك Salatuk (Prayer time),3,ar,10M-100M,3,كان ممتاز بأتجاه القبله ودقيق جدآ، لكن بعد التحديثات الاخيره، لم تعد القبله تعمل بالشكل الصحيح، صارت تلخبط!!! صلحوها جزاكم الله كل خير :-),,,
02df2a91-4416-4e8d-aebf-af5e9709a4a3,Salaat First: Prayer Times,3,ar,10M-100M,3,التطبيق لا يحدث التاريخ حسب المنطقة,,,
d1550001-b742-4bbc-b141-1a5734a06e15,Athan: Prayer Times & Al Quran,3,id,10M-100M,3,Waktu solat Kuala Lumpur tidak tepat seperti waktu solat dari Jakim,,,
e1262beb-4ce8-43c4-9c9e-07d701ebb7bb,صلاتك Salatuk (Prayer time),5,en,10M-100M,4-5,this app make me happy,,,
4d9e9da2-3d71-42c5-9aad-1f6fd3db09c9,صلاتك Salatuk (Prayer time),5,en,10M-100M,4-5,This is an amazing app. Always helps me about prayers timings. Direction of Qiblah etc.,,,
1cefeb8f-c5a9-45a6-84d5-0b3c0e4ee549,صلاتك Salatuk (Prayer time),5,en,10M-100M,4-5,"Amazing work , Masha Allah",,,
f177d595-e7bd-4a80-b635-8b3c01a8d182,صلاتك Salatuk (Prayer time),5,en,10M-100M,4-5,Friendly interface. I like when prayer time change automatically while traveling,,,
04bc98fb-6a3b-426b-a8b7-58684f1b51c7,Athan: Prayer Times & Al Quran,5,en,10M-100M,4-5,it has become part of my life in fulfiliing my religious obligations,,,
289ae82a-87a1-4439-a56a-33b443ce9866,صلاتك Salatuk (Prayer time),5,en,10M-100M,4-5,"All praises are do to Allah to such a great app, and thanks to the people who made this available to Muslims. May Allah bless them all.",,,
1350a848-20cd-4353-a8f8-5e2b4cccc323,Athan: Prayer Times & Al Quran,5,en,10M-100M,4-5,"It is simple , beautiful and accurate .",,,
a18a8f18-d029-4e08-a675-d61dbdb515f5,Athan: Prayer Times & Al Quran,5,en,10M-100M,4-5,Gets the job done in a time of such chaos,,,
bcdd55f7-8d15-4062-a1ac-372676b07499,صلاتك Salatuk (Prayer time),5,en,10M-100M,4-5,Absulttly accurate app. happy to use this unique type of app. Thanks.,,,
f491f677-b058-477e-b7fa-4d6fe35c5db6,Athan: Prayer Times & Al Quran,5,en,10M-100M,4-5,"Works perfectly, love the daily duas and the tracker that keeps ypur place when reading the Quran so you can easily recors your khatems.",,,
ea930364-e943-4c9d-9afe-c3ff20f115a0,Athan: Prayer Times & Al Quran,5,en,10M-100M,4-5,Has really help me alot,,,
1bc9f677-0efb-43e7-a1e9-13086a2dbd2a,Athan: Prayer Times & Al Quran,5,en,10M-100M,4-5,great way to know and helps you keep track of things,,,
07054760-4603-4d09-b7f1-7d881b05b112,Athan: Prayer Times & Al Quran,5,en,10M-100M,4-5,I love it is thé best it tell me the time i have to pray i love u allah,,,
80a2659d-8097-4700-a2dd-bc61e6d9e597,Athan: Prayer Times & Al Quran,5,en,10M-100M,4-5,The best Athan experience you can ONLINE,,,
a3511185-b8c4-479e-8107-10336c9d9bb8,Athan: Prayer Times & Al Quran,5,en,10M-100M,4-5,Awesome App...but the appearance of ad very frequently while reciting Quran or reading any dua distorts the concentration,,,
77b14898-8c6d-4013-970c-d189f5fa4587,صلاتك Salatuk (Prayer time),5,en,10M-100M,4-5,this is a very religious and good app,,,
d6307c2e-7072-43b8-9425-91a16222f44d,Athan: Prayer Times & Al Quran,5,en,10M-100M,4-5,this is really very very good application.,,,
9f1893d1-63c4-4a48-a59e-5d76d3a2e1d1,صلاتك Salatuk (Prayer time),5,en,10M-100M,4-5,Useful app Allah bless you all,,,
56713ca0-8a47-40a1-a442-16b3b237cd97,صلاتك Salatuk (Prayer time),4,en,10M-100M,4-5,it is very good and important applications..,,,
a61345ce-b5a6-4d49-9078-a95346bbe199,Athan: Prayer Times & Al Quran,5,en,10M-100M,4-5,Great app i like it,,,
4f4bdc16-59b4-409c-b769-b282e4c9ec6d,صلاتك Salatuk (Prayer time),5,bn,10M-100M,4-5,আমার সব চেয়ে গুরুত্বপূর্ণ এপ হচ্ছে এটি।++,,,
58f9e5ca-e716-4b20-a9a9-147e02cb4ca8,صلاتك Salatuk (Prayer time),5,ar,10M-100M,4-5,ممتاز وجزاه الله سبحانه خير,,,
5f8c7506-caac-48b4-a7fc-19450cce4934,صلاتك Salatuk (Prayer time),5,arz,10M-100M,4-5,عجبني . استايل حلو و فيه اكتر من إذان للتنبيه ..,,,
5b6d40a9-1bbf-48f2-8c80-3bad61433af2,Salaat First: Prayer Times,5,ar,10M-100M,4-5,برنامج جميل جدا جدا جدا,,,
d07f1765-b5c9-4ab5-b28c-c7f39c481836,Athan: Prayer Times & Al Quran,5,ar,10M-100M,4-5,Amazing app جزاك الله خير,,,
d31a4094-8d6e-4775-97cb-95d5275ac379,صلاتك Salatuk (Prayer time),5,ar,10M-100M,4-5,ياريت لو تضيفو دعاء نعاية الاذان,,,
2d298789-c519-4d78-b361-773415330e99,صلاتك Salatuk (Prayer time),5,ar,10M-100M,4-5,جميل ورائع وسهل جدا شكرا,,,
48de2b28-01d9-40d3-abe2-4a0cbb01b37a,صلاتك Salatuk (Prayer time),5,ar,10M-100M,4-5,جزاكم الله خيرا برنامج اكثر من رائع,,,
fdefb978-b359-46c7-83af-92a3567e8647,صلاتك Salatuk (Prayer time),5,de,10M-100M,4-5,Ein Dankeschön reicht kaum aus Jazak Allah Khayran,,,
b0873885-3a6d-4d99-ad4f-11d1670e0900,صلاتك Salatuk (Prayer time),5,ar,10M-100M,4-5,البرنامج ممتاز بل ورائع وحتى في هامش التوقيت بين أذان بلدتك وبين الأذان الموقوت في البرنامج بسيط للغاية ولا يكاد يذكر .. أهم شيء ان تعلم ان وقت الصلاة المكتوبة قد حان أوانه لتفزع الى صلاتك إن لم يتيسر لك سماع داعي الله من مسجد قريب في حلك او ترحالك .. وبالتالي فهذا التطبيق مفيد جدا للمسافر والمقيم في أي مكان على وجه الأرض.,,,
b9771fe5-62d3-4c67-b051-bdb355bfeb1a,صلاتك Salatuk (Prayer time),5,ar,10M-100M,4-5,بارك الله فيكم وجزاكم الله خير الجزاء,,,
01394496-3308-4d38-b374-af1dc0552a8e,صلاتك Salatuk (Prayer time),5,ar,10M-100M,4-5,تطبيق رائع ودقيق الله بجميع الخير الشخص اللي برمجه ونشره,,,
0be163d1-9cdd-44ec-a156-732d47fb6a54,"Sajda: Prayer Times, Quran",5,ar,10M-100M,4-5,جزاكم الله خيرا على هذا التطبيق الجميل وعلى أسماء الله الحسنى. من فضلكم وضع أرقام أوقات الصلاة باللغة العربية عند اختيار اللغة. السلام عليكم ورحمة الله.,,,
b477f9ed-46d9-43b1-a3c2-aabeadbf852c,صلاتك Salatuk (Prayer time),5,ar,10M-100M,4-5,تطبيق شامل لكل ما يحتاجه المسلم من معلومات وتنبيهات الصلاه واتجاه القبلة في مكان وجوده ونداء الاذن بصوت جميل,,,
1a39b1a3-106f-403b-be53-83783d081491,صلاتك Salatuk (Prayer time),5,ar,10M-100M,4-5,تطبيق رائع ويقوم بمهمته علي اكمل وجه,,,
82d618c6-4830-4ddc-b393-f807a1f4276f,صلاتك Salatuk (Prayer time),5,ar,10M-100M,4-5,Great and accurate app جعله الله في ميزان حسناتكم,,,
8b02c9f1-5bd4-4d6a-a4e7-4d32d998f562,صلاتك Salatuk (Prayer time),5,ar,10M-100M,4-5,تطبيق رائع جدا وخصوصا لهواتف شاومى,,,
149cd624-23f1-4aa7-8678-627287fac5c0,صلاتك Salatuk (Prayer time),5,ar,10M-100M,4-5,التطبيق فيه مميزات حلوة فعلا و بجد مفيش غلطة و ممكن يكون سبب في الانتظام في الصلاة و المهم انك تصلي علي النبي,,,
fa069b9e-ce74-449c-b807-d49615272ef1,Athan: Prayer Times & Al Quran,5,ar,10M-100M,4-5,اكثر من رائع شكرا لكل القائمين على إنجاح هذا البرنامج,,,
77f1c592-ebae-4295-a844-683cc0a785da,صلاتك Salatuk (Prayer time),4,ar,10M-100M,4-5,تطبيق ممتاز بارك الله بجهودكم ووفقكم لخدمة الاسلام والمسلمين ...,,,
2f83300c-599d-4644-9c8c-ce3b45c805c9,Prayer Times - Qibla & Namaz,2,en,1M-10M,1-2,"Aoa, This application shows that it will be in English i was very happy that now my kids learn and understand how perform slat (namaz)but when I downloaded it sallat process in urdu but which need to be improve and convert it in English as it will mention . Thanks",,,
ea47226e-afc1-4991-a6d8-c5b246bed35b,iPray: Prayer Times & Qibla,2,en,1M-10M,1-2,Forces permissions and can't procees if you do not allow. Uninstalled!,,,
035e9e5d-e9a2-4fe7-9bf4-8a0392dd8b7a,Prayer Times - Qibla & Namaz,1,en,1M-10M,1-2,There are alot of mistakes in Quran text. Please correct or remove this option.,,,
a6526695-99d2-453b-9f16-569e89cc9534,Prayer Times - Qibla & Namaz,1,en,1M-10M,1-2,App open nhi ho Rahi jab se update hui he koi solution batain na plzzz,,,
435d18ea-8911-4ad2-be28-90c822ca47ea,Prayer Times - Qibla & Namaz,1,en,1M-10M,1-2,Mashallah bhout achi app hai,,,
21a7e0dd-042f-410e-85f5-50c94007f9d1,Islamic Habit Tracker,2,en,1M-10M,1-2,Too much adds it's very annoying you can't focus on using the app and do istighfar and quran but the app is very good,,,
d355cc40-2261-4455-b513-400cb9e19e00,Prayer Times - Qibla & Namaz,1,en,1M-10M,1-2,You spoiled it. No Adhan sound,,,
e1895fe0-c757-4a3f-90fa-1023cf7df4b7,Muslim Bangla Quran Hadith Dua,1,en,1M-10M,1-2,Alhamdulillah ami onak kico jante perci ey.apps ta use kore Alhamdulillah,,,
bc95a5c1-83c5-4587-9cdf-f9adba1735c1,iMuslim: Prayer Times & Quran,1,en,1M-10M,1-2,"Alhamdulillah,,,so much useful app it is.",,,
619fb4c8-d6a4-4716-a4dc-112794ae7412,Prayer Times - Qibla & Namaz,1,en,1M-10M,1-2,updated version of 2 march 2026 is force closing after choosing location. Everytime i opened the app it crashes in this update. older version is working smoothly. fix this version please...,,,
d572ac99-925c-42e2-a586-a1da88d64d3b,Prayer Times - Qibla & Namaz,1,en,1M-10M,1-2,ISLAMI MONTH Ki Date Sahi krein jesy Aj 1st Ramadan hei is application Main 30 Shaban Bata rehy hein,,,
61310cce-881a-444f-9625-8786f67a43c6,Prayer Times - Qibla & Namaz,1,en,1M-10M,1-2,Showing wrong timing of Asr.. Real time : 15:33 Showing time: 16:53,,,
cc520b3c-ca75-4424-b2d3-35d6fedcee01,iPray: Prayer Times & Qibla,1,en,1M-10M,1-2,I bought this expecting a different and better experience for it's price. Very disappointed. Nothing from this app that I can't get for free. Here are some ideas since you guys are deficient in that area: Try to integrate the hijri dates with the current app calendar or Google calendar. Design a better widget displaying the hijri date. Include a clock widget as well. I want a refund. Where's the tab for zero stars? You deserve none.,,,
d1405b1f-5826-45b1-84c2-ab594427de6b,Islamic Habit Tracker,2,en,1M-10M,1-2,too many ads. very annoying,,,
83f0af50-2dae-42a8-80fb-cc999c6e0b85,Muslim Bangla Quran Hadith Dua,1,en,1M-10M,1-2,Mashallah khob sondor app at a,,,
53e9f81f-dcfe-4ccd-940a-f8b0abd1f706,Muslim Bangla Quran Hadith Dua,1,en,1M-10M,1-2,Alarm does not work after few day s,,,
c9227713-969c-4512-8612-e795d9c39d82,Prayer Times - Qibla & Namaz,2,en,1M-10M,1-2,Very nice app i will like this app more if there is a Widget for prayer times on screen.2nd thing there must be a Taqbeer words if we don't want that app play full azan on prayer time. 3rd thing we have option to change time of prayer alert 15 to 30 minut . Hope programer of this app may change these things in this app and we can get more benifits from this app.,,,
115bb2cd-242a-4668-b5a3-c781507f7390,Prayer Times - Qibla & Namaz,1,en,1M-10M,1-2,"Update k bad ye app sahi kam nhe kr rha, Gaon k mahana namaz time mn sath waly zilah ki location aa rhi hai",,,
12b78204-3751-4fce-aed6-51d2684967ce,"Muslims Day-Prayer, Quran, Dua",1,en,1M-10M,1-2,"onek upokari akta app,, namazer somoy suchi onek kichu shikha jay ei app theke,,",,,
b9637097-889e-442e-bd05-3c713b1078b4,Prayer Times and Qibla,1,en,1M-10M,1-2,It's a great app but the syncing with JAKIM is not accurate. I paid for premium but there is no support although I have send email. Good effort on the app but 1 star due to support.,,,
b469b858-05b4-4dc8-945a-baf0697f878d,"Muslims Day-Prayer, Quran, Dua",1,bn,1M-10M,1-2,অনেক সুন্দর এবং উপকারী একটি এপস,,,
d34a5fd4-c1b0-4655-92cd-bde4ff59c352,iMuslim: Prayer Times & Quran,2,bn,1M-10M,1-2,"মাঝে মাঝে লোকেশন টেগ করতে পারে না, + আলাম এর অপসন নেই",,,
39e77013-df1a-4d17-89da-1216ef812911,"Muslims Day-Prayer, Quran, Dua",1,pt,1M-10M,1-2,"ager tai Valo chilo , eibar update ta Valo lage nai",,,
86d6d73d-b6c1-44f0-8946-c52ef904b3d5,iMuslim: Prayer Times & Quran,1,bn,1M-10M,1-2,সুর্যোদয় কি ৪:৪৫ মিনিটে এখন????,,,
6d9853b5-760b-4dcc-b39b-fad5b29e260c,"Muslims Day-Prayer, Quran, Dua",1,bn,1M-10M,1-2,"এই এপটা প্রথমে ভাল লাগছিল। যখন এর হাদিস গুলো দেখলাম তখন মনে হলো এটা সুন্নত ওয়ালা মানুষ গুলোর জন্য না। এটা তো ওহাবিদের দ্বারা বানানো। আর বহুত তো হাদিস বলছেন আমি একটা বলি ‘‘সে সত্তার কসম যাঁর হাতে আমার জীবন! তোমাদের কেউ পরিপূর্ণ ঈমানদার হতে পারবে না যতক্ষণ না আমি তার নিকট তার নিজ মাতা-পিতা, ছেলে-সন্তান ও সকল মানুষ চেয়েও অধিক প্রিয় হই’’। (বুখারী, হাদীস ৬৬৩২) রাসুলের বিরুদ্ধাচরণ করে এবং মুমিনদের পথের বিপরীত পথ অনুসরণ করে, আমি তাকে ফেরাব যেদিকে সে ফিরে এবং তাকে প্রবেশ করাব জাহান্নামে।(সুরা নিসা)",,,
ff44137f-ecb8-486e-974b-c0555d7b9e79,Prayer Times - Qibla & Namaz,1,ur,1M-10M,1-2,ماشاءاللہ بہت ہی خوبصورت ہے یہ اپپ,,,
06303439-1be4-4d0a-9b60-ac0706d65b8a,iMuslim: Prayer Times & Quran,2,pl,1M-10M,1-2,apps ti amar asus device ae kaj korche na amar phone model:ASUS_X00HD,,,
935bc662-5835-4dd4-b935-b4f4b5dac05e,Muslim Bangla Quran Hadith Dua,1,bn,1M-10M,1-2,2014 সাল থেকে শুরু করেছি ব্যবহার এখন বিজ্ঞাপনের কারণে খুব বিরক্ত যার কারনে ব্যবহার করা বন্ধ করে,,,
0a953900-581b-423a-bc35-50e10e57ff52,Muslim Bangla Quran Hadith Dua,1,bn,1M-10M,1-2,"মাশাল্লাহ, খুবই গুরুত্বপূর্ণ একট Apps",,,
c1996857-1a91-49c1-bd2d-c6ff6c2df70c,Prayer Times - Qibla & Namaz,1,it,1M-10M,1-2,Application thik sa Kam nhi Kar rahi hai Time Nikal Jane Ka bad azan ho rahi ha ??,,,
d4c8b49d-ca0a-452a-a67a-a78315df2726,iMuslim: Prayer Times & Quran,1,bn,1M-10M,1-2,আছরের সময় গণনা শাফেয়ী পদ্ধতি পরিবর্তন করে হানেফী পদ্ধতি করুন অথবা পরিবর্তনের অপশন দেন :) নাহলে এপ ব্যবহার থেকে বিরত থাকতে হবে।।,,,
d7dec7f6-8782-4f41-9e6e-b322daed34b4,Muslim Bangla Quran Hadith Dua,2,bn,1M-10M,1-2,এ্যাপসের ডিজাইন ও ব্যাকেন্ড অসাধারন।কিন্তু দেখলাম কুরআন বা হাদিস এখানে সরাসরি ওপেন হয়না ডাউনলোড করতে হয় আবার ডাউনলোড করার পর কোথায় ডাউনলোড হয় এ্যাপসের ডেভলপার ভাল জানে। এতটাই বিরক্তি কর যার কারনে এ্যাপস টা রাখতে পারলাম না।রেটিং ২,,,
afd889c4-021b-418e-8964-845c18d8ae04,Muslim Bangla Quran Hadith Dua,1,bn,1M-10M,1-2,"এই এপটি যখন আমি প্রথম ব্যাবহার করি তখন খুব ভালো পেয়েছি তাই পাঁচটা স্টার দিয়েছিলাম আর এখন এটা সে রকম পাইনি .....এখন সময় মতো এলাম দেয় না,,, আমি রেটিং দিয়েছিলাম আজান এলামের জন্যে অথচ আপনি বলছেন আগে ছিলোনা তাহলে আমি রেটিং দিয়েছিলাম কেন???",,,
e475a692-a990-421a-96fe-9bd2a330e438,Muslim Bangla Quran Hadith Dua,2,bn,1M-10M,1-2,সেহরি ও ইফতারের সময় ঠিক নাই,,,
0cc9bb08-fd48-4ed5-b384-856dc91c4144,Prayer Times and Qibla,1,ar,1M-10M,1-2,التطبيق يخطئ في أحيان كثيرة ولا يرسل إشعار بموعد الصلاة,,,
bdbf31d8-a49a-43d6-b3b7-8e92835be83b,iMuslim: Prayer Times & Quran,2,bn,1M-10M,1-2,Location সব জায়গায় ঠিকমত দেখায় না।,,,
eb8ebe32-4b02-4250-9866-41b0bd3fc4ad,Prayer Times - Qibla & Namaz,1,ur,1M-10M,1-2,اذان کا ایک ہی آپشن موجودہے ہے ہونا تو یہ چاہیئے تھا کہ خوبصورت اذانوں کی لسٹ بنائی جاتی لیکن لگتاہے کہ یہ آل مسلم کے لئے نہیں بلکہ ایک فرقہ اور ایک ہی شخصیت کے لئے ہے,,,
4286343a-c3d9-4762-b7e6-e0a8fc2c2c23,Muslim Bangla Quran Hadith Dua,1,bn,1M-10M,1-2,প্রয়োজনে ব্যবহার করতে পারি এটাই বড় কথা । দোয়ার মধ্যে কিছু শব্দ বাদ গেছে যা সংযোজন করা প্রয়োজন । শব্দগুলো সংযোজনের প্রয়োজনে ব্যবস্থা গ্রহণ করুন।,,,
003c8d5e-b24d-4897-a3cb-669cbe693823,"Muslims Day-Prayer, Quran, Dua",2,bn,1M-10M,1-2,এ্যাপ মধ্যে আরবি মাস দেখা যায় না কেনো দিন তারিখ দেখা যায় না,,,
98bcc7a3-f2df-41bd-b2ba-5cb0b48a0b5d,Muslim Bangla Quran Hadith Dua,1,bn,1M-10M,1-2,"অসাধারণ একটি অ্যাপস তৈরি করার জন্য আপনাদের আন্তরিক ধন্যবাদ। মুসলিম বাংলা অ্যাপটি আমাদের দৈনন্দিন ইবাদত এবং ইসলামিক জ্ঞান বৃদ্ধিতে অসাধারণ সহায়ক ভূমিকা পালন করছে। বিশেষ করে নামাজের সময়সূচী এবং ইসলামিক বিধি-বিধানগুলো অত্যন্ত সুন্দরভাবে উপস্থাপন করেছেন। এই অ্যাপের মাধ্যমে আমরা আল্লাহর পথে আরও সহজে চলার অনুপ্রেরণা পাই। আপনারা যেন এই সুন্দর কাজকে আরও এগিয়ে নিয়ে যেতে পারেন, সেই দোয়া রইল। আপনারা আমাদের জন্য যেমন আর্শীবাদ হয়ে এসেছেন, আল্লাহ তেমনি আপনাদের কাজকে আরও বরকতময় করুন।",,,
d94a09c2-c582-4cbf-b25f-8247dd1cfebb,Prayer Times - Qibla & Salah,3,en,1M-10M,3,Time for fajr is not correct and is stuck,,,
fa5d39e5-34a1-4881-b904-5170b3505140,Prayer Times - Qibla & Namaz,3,en,1M-10M,3,why do I hear all five times azaan twice on this app??,,,
2caf458c-3cf7-4366-a908-7afd4a28c22d,"Muslims Day-Prayer, Quran, Dua",3,en,1M-10M,3,"Muslims Day App is one of my favourite apps. But I don't like the current upgraded version. Because in the new version, understanding prayer times has become a little more difficult than in the old version. In the previous version, prayer times were well-structured.",,,
a0c4f28e-6741-450c-9b24-5ae5e357623d,Prayer Times - Qibla & Namaz,3,en,1M-10M,3,A new update is excellent but islamic calendar should be include,,,
a5fa4fdd-dec4-4c3c-ac16-ceb04b6655f9,Muslim Bangla Quran Hadith Dua,3,en,1M-10M,3,age kono problem hoto na akhon onek problem dekha dicche ami abar uninstall kore install korchi,,,
32c75371-8059-4df0-8f42-61b4ca2c61a4,Prayer Times - Qibla & Namaz,3,en,1M-10M,3,"Asslamualaikum, hope you're doing well. I want to say about urdu tafseer, u click a verse for tafseer and tafseer is showing other verse that you haven't clicked. Please make it accurate. This is not a good sign.",,,
c35c96b5-ba3b-4ae8-9b13-345bd17d7b9e,Prayer Times and Qibla,3,en,1M-10M,3,"There's this one problem in this app, morocco doesn't have the same day in ramadan and eid as the other arab countries we still have another day in ramadan than Saudi Arabia, also arabic is better than English so please translate it to Arabic, and I want adan sound and dark mode, and you gotta add report. Hope you change somethings...",,,
290c2d0f-c042-4e04-9e93-7fe9af94845d,Muslim Bangla Quran Hadith Dua,3,en,1M-10M,3,Nice app and buitifull system,,,
98edb7e2-4c37-4422-8e03-eca97908e69a,Prayer Times - Qibla & Namaz,3,en,1M-10M,3,Excellent App. It needs to be improved to get 5 stars: It must have; 1- 24 hours timings option. 2- Different Adhan Options. Multiple Muazan voices option. 3- Top 10 Qur'an Reciting.,,,
92e86227-6fb8-42ed-aa88-5315baf6be2f,Prayer Times - Qibla & Namaz,3,en,1M-10M,3,The time remaining for current namaz does not update in the widget automatically. I have to tap the widget to update the time remaining.,,,
35ee2ca7-b202-4157-bb6b-2badf22c14c1,Prayer Times and Qibla,3,en,1M-10M,3,I like it alot. suggestion: could you include a fasting and habit tracker so I don't need to download another app. thanks in advance,,,
ea029803-44d9-4bc4-bea4-c4abdf7b0b88,Prayer Times - Qibla & Namaz,3,en,1M-10M,3,Good but not very good,,,
a03be751-3c2d-4e86-b9ff-d7869fc97655,Prayer Times - Qibla & Namaz,3,en,1M-10M,3,"Very nice app, but azan is not playing on my device Vivo Y21. Please solve this problem.",,,
7b411433-d007-438f-a8d0-005ca5a97681,Prayer Times - Qibla & Namaz,3,en,1M-10M,3,please update it. it should detect the location in offline mood also.,,,
a1765681-6fb1-4b25-a915-abb5ca70ef96,Prayer Times - Qibla & Namaz,3,en,1M-10M,3,Assalam walekum wa rahmatullahi wa barkatuhu Shukr alhamdolillah aj hum Islam online se bata or padha rahe hai ye Prayer times apps build kar k Apne masre ki bohat madat ki hai Hajarat bhul chuk maff kare Es apps me jo namaj padhne k tarike bataye hai us se Naye learners ko confusion jarur ho Raha hoga kyun ki namaj ko thoda short me bataya gaya hai ager waha her ek step bataya Jaye to naye najam k learners ko ashani hogi Or ek request hai Quran ager English haraf Hindi mayene me mil sake,,,
c0c2878e-2ace-4f26-a1f2-3940249b2077,Prayer Times - Qibla & Namaz,3,en,1M-10M,3,"Everything thing is okay, but I noticed one thing Fajar Time and Sehr Time are showing same which can lead to spoil of roza . Suggestion Give option to adjust namaz timing according to our local area masjid Jamat",,,
398b2699-06a5-45cb-a946-d3fab58f4ea8,iPray: Prayer Times & Qibla,3,en,1M-10M,3,"Customization isnt working. When I add my own notification, is there a sound format i meed to select?",,,
0a4749fb-9a0e-4dff-9f1d-7a0067d90f0a,Prayer Times - Qibla & Namaz,3,en,1M-10M,3,Please include ishraaq and chast time 'India prayer time' app,,,
e75f25cd-7ecf-40c6-af55-ae70dd0ba56e,Prayer Times - Qibla & Salah,3,en,1M-10M,3,useful app..helps me a lot,,,
0222e02a-d300-41cc-9dcb-10bca271c78d,Prayer Times - Qibla & Namaz,3,en,1M-10M,3,There are some spelling errors and capital lettef errors pls check it,,,
3799d955-5924-4856-ac14-d3bf391af2fc,"Muslims Day-Prayer, Quran, Dua",3,bn,1M-10M,3,"অ্যাপস এর ভিতরে যতগুলো আরবি ভাষা আরবির পাশাপাশি বাংলাতে আমরা যারা আরবি ভাষায় পড়তে জানি না বাংলাতে পড়তে সুবিধা তাই আপনাদের কাছে আবেদন করছি যতগুলো মাসালা মাসায়েক আছে এবং হাদিস দলিল আছে আরবিতে আরবির পাশাপাশি বাংলাতেও লিখে দেওয়ার ধন্যবাদ,,,,আল্লাহ হাফেজ,,,,,,",,,
bc10ba18-6732-4cac-bbce-eed6f3362715,Muslim Bangla Quran Hadith Dua,3,bn,1M-10M,3,"আসসালামু আলাইকুম, নতুন আপডেট থেকে আগের উইজেডটা অনেক ভালো ছিল। বাংলা,আরবি তারিখ,মাস,বছরের সাথে দিনটাও এড করলে ভালো হবে। ইংরেজিটাও এড করলে ভালো হবে।",,,
57deb4e7-51f2-45cc-bad2-1fca743325d6,Muslim Bangla Quran Hadith Dua,3,bn,1M-10M,3,আমি চার পাঁচ মাস হলো এই অ্যাপসটি ব্যবহার করি শুরুর দিকে সবকিছু ঠিকঠাকই ছিল গত সপ্তাহ খানেক ধরে শেষ সময় উলটপালট দেখাচ্ছে তিন মিনিট সময় বেশি দেখাচ্ছে। অথচ দিন দিন সেহরীর সময় কমতেছে সেই হিসেবে তিন মিনিট কম দেখানোর কথা যার কারণে এই এপ্স দেখে সেহরি খেলে রোজা ভেঙ্গে যাওয়ার সম্ভাবনা থেকে যাচ্ছে আমার জন্য এখন করণীয় কি?,,,
0aa0c81e-7790-47c3-94cb-dc8a1fbaf69e,iMuslim: Prayer Times & Quran,3,bn,1M-10M,3,রাত পৌনে দশটার সময় নোটিফিকেশন দিচ্ছে ফজরের ওয়াক্ত। -এরকম হতে থাকলে আস্থা কোথায় থাকবে?,,,
902aab71-fb71-4df3-a958-c57a1652a33d,Muslim Bangla Quran Hadith Dua,3,bn,1M-10M,3,"দয়া করে বুকমার্ক যোগ করুন। পছন্দ দোয়া গুলো এক সাথে রাখা যায় এমন ব্যবস্থা করুন। কবর আযাব, দাজ্জালের ফিতনা থেকে বাঁচার দোয়া যোগ করুন। এই রকম গুরুত্বপূর্ণ দোয়া যোগ করুন",,,
420c95fd-e084-4689-bbad-70f49efde965,Prayer Times and Qibla,3,id,1M-10M,3,"di os nougat, notifikasi gak tampil. biasanya nampil",,,
c81f92c6-8a2d-43dd-81c8-c23ba68e2911,Muslim Bangla Quran Hadith Dua,3,bn,1M-10M,3,"এটিতে শিয়াদের সময়সূচি দেওয়া, বাই ডিপল্ট।",,,
3d53fba0-9e7d-40fe-b8e7-f16e0f89c1df,Muslim Bangla Quran Hadith Dua,3,bn,1M-10M,3,display teদেখতে পারলে ুপকার হত,,,
f388ce70-a3f2-48e3-9374-c52cde48b596,Prayer Times and Qibla,3,ar,1M-10M,3,ينقصه التقييم الصيفي و الشتوي,,,
66d63440-24ce-43bf-9acc-6d4b92aad810,"Muslims Day-Prayer, Quran, Dua",3,bn,1M-10M,3,"""সবই আলহামদুলিল্লাহ্ ঠিক আছে। কিন্তু একটা জিনিসে আমি খুবই বিরক্ত হয়েছি। বাধ্য করা হয় আপডেট করার জন্য।""",,,
e4f26b2d-6925-4515-841b-cdcb6db0598c,Prayer Times - Qibla & Namaz,3,hi,1M-10M,3,2024 में हिज्री कैलेंडर सेटींग नहीं हो रहा है एैप अच्छा है मगर अज़ान पांचों वक्त का नहीं होता,,,
e6a01fcc-cca8-4b9b-841a-1aa60ea6a6c7,Muslim Bangla Quran Hadith Dua,3,bn,1M-10M,3,"নামাজ শিক্ষা মাজহাব অনুযায়ী, হাদিস অনুসারে করলোনা কেনো আফসোস। এই এপটা ভালো কিন্তু মনেহয় মাজহাব টিকাতে বা চাপে এমনটা করা হয়েছে। প্রত্যেকটা রুকুন বা কথার দলীল দিয়ে (রেফারেন্স) লিখতে হত। যেমন মহিলাদের নামাজে সিজদা, লাফাউল ইদাইন, তাসাহুদ এরকম অনেক।",,,
b77793b9-42b0-4341-8d92-eb8fa95a3d35,Prayer Times - Qibla & Salah,3,id,1M-10M,3,"Setelah update versi 4.1.4 kadang tidak keluar suara adzan, mohon diperbaiki...",,,
c6d97c59-192f-445c-9cf2-e90a55190e8b,Muslim Bangla Quran Hadith Dua,3,bn,1M-10M,3,"I read your excuse about showing ads and your excuse is not logical. This app is definitely business. If you asked donation for this app without showing ads I would participate. Since it is not serviceable, I am not participating. ১০ বছর আপনাদের ফার্ম এর বয়স ""Delivered 350+ mobile apps"", ১ টা অ্যাপ পরিচালনা করার সামর্থ্য আপনাদের নেই এটা হাস্যকর। আপনারা Adsense থেকে আয় না করে সরাসরি donation চাইলে donate করা যেতো, যেহেতু Ad আছে তার উপর donation চাওয়া টা আমার ব্যাবসাই মনে হয়েছে।",,,
18fc209f-e860-45cd-be0f-13481ff18a8e,Prayer Times and Qibla,3,id,1M-10M,3,Waktu Subuh terdapat perubahan. Bezanya adalah 8 minit. Mohon dibetulkan masa berkenaan. Terima kasih.,,,
353ecbda-381a-4908-aa6d-20b44059ba79,Prayer Times and Qibla,3,it,1M-10M,3,"Kenapa di oppo tetap tdak bisa di, walaupun sudah di sett seperti yg dianjurkan di app. Great apps.",,,
8f776fae-a9c7-4178-9e4a-d2379225e577,Muslim Bangla Quran Hadith Dua,3,bn,1M-10M,3,"আসসালামু আলাইকুম। কোনো সূরা প্লে করার সময় এক আয়াত শেষ হওয়ার পর অন্য আয়াত শুরু হওয়ার আগে ১ সেকেন্ডের জন্য থেমে তারপর অন্য আয়াত শুরু হয়। এইভাবে থামার জন্য মনোযোগ বিচ্ছিন্ন হয়। অনেক দিন ধরেই এই সমস্যার সম্মুখীন হচ্ছি। আশা করি সমস্যা সমাধান করে, খুব শীগ্রই একটা আপডেট পাবো। ধন্যবাদ।",,,
a8bd59ee-9559-4dcf-a05c-9829c461020c,Prayer Times - Qibla & Namaz,3,ur,1M-10M,3,"زوال کا وقت ٹھیک نہیں ھے, اسے صحیح کریں",,,
2af5b899-e458-4e32-b6ce-38dd4352184b,iMuslim: Prayer Times & Quran,3,bn,1M-10M,3,আসরে সময় যোহরের আজান দেয়!! এইডা কোনো কথা!!! এ,,,
8846e4bd-dc5e-4403-8478-2b3642d51039,Muslim Bangla Quran Hadith Dua,3,bn,1M-10M,3,রিয়েল টাইম দেওয়া উচিত ছিল?? সময় গুলো ভূল আছে,,,
aec00f4a-dc90-460b-85ac-c03fa0019d47,"Muslims Day-Prayer, Quran, Dua",5,en,1M-10M,4-5,"This app helps me a lot to keep track of Salah...I use this everyday. It would have helped a lot more if you could make a widget of the clock that shows ""remaining time"" of waqt like it shows in the app with the circle, Then I wouldn't have to open the app every time.",,,
dc0d0339-ea13-4a31-ae4f-6d9f62add30e,Prayer Times - Qibla & Namaz,5,en,1M-10M,4-5,"Best application for namaz time, Qibla direction and many more, please download it and use.",,,
4a874545-6c25-4141-8a09-a6d2d96ff684,"Muslims Day-Prayer, Quran, Dua",5,en,1M-10M,4-5,"This is Very Useful,Helpful & pretty acurate.!!!",,,
20188f39-c6a3-479e-96eb-8ad8f8349c56,"Muslims Day-Prayer, Quran, Dua",5,en,1M-10M,4-5,Alhamdulillah this is the most popular platform of Ibadat,,,
0062c44a-c43d-4e93-bb14-d4dff239f50a,iPray: Prayer Times & Qibla,4,en,1M-10M,4-5,Enough time to get ready and qibla direction accurate,,,
810be81c-adb2-4bfb-ac39-f4ed7882fe60,"Muslims Day-Prayer, Quran, Dua",5,en,1M-10M,4-5,A great app to discover ma sha Allah!,,,
d7c72033-a69e-45ef-a681-50fc24f31332,Prayer Times - Qibla & Namaz,5,en,1M-10M,4-5,"very helpful and show accurate time of salah , excellent app every feature is great",,,
bc78b7fa-84be-443d-b0b5-1a8e9a0ba594,Prayer Times and Qibla,5,en,1M-10M,4-5,amazing app. Very compatible with smart watches too!,,,
1e032025-82e8-42fc-a51a-719ffabf5679,Prayer Times - Qibla & Namaz,5,en,1M-10M,4-5,Really nice n beautiful app.. Thnx a lotttt,,,
51534c4e-8d21-4ee1-9675-b54f94aff8b9,Muslim Bangla Quran Hadith Dua,5,en,1M-10M,4-5,As a muslims this app help me a lot. here i get all information and essential guide for following my soul according to Islam.,,,
2630971d-4b9f-4d84-bbdb-7dab9e025ec3,Muslim Bangla Quran Hadith Dua,5,en,1M-10M,4-5,This app is very very helpful,,,
8127e689-3dbc-4b38-81bc-570acf124a53,"Muslims Day-Prayer, Quran, Dua",5,en,1M-10M,4-5,This is best for me. I get every islamic update. & Daily Hadith notification,,,
f6bcdb90-0244-4414-a313-51b09582b283,Prayer Times - Qibla & Namaz,5,en,1M-10M,4-5,this app is superb i suggest to all muslims add this app to ur mobile .very helpful app REALLY,,,
24ccc187-9896-42ef-b02a-131f1058ed9d,Prayer Times - Qibla & Namaz,4,en,1M-10M,4-5,Aslam u alikum islami date nai theek ati,,,
59972532-28dc-4ede-9756-3de3463e9f7b,Muslim Bangla Quran Hadith Dua,5,en,1M-10M,4-5,Alhamdulillah this is very awesome app,,,
68641144-5973-41f4-aaa6-ea7c61717db1,Prayer Times - Qibla & Namaz,5,en,1M-10M,4-5,This app is the best app for islamic things,,,
2c326901-0cb0-4125-bd0f-46821ad0d581,Prayer Times - Qibla & Namaz,5,en,1M-10M,4-5,This app is very help ful.....,,,
ab3c24cd-2fed-41f6-b3e8-e4a832d632cb,Muslim Bangla Quran Hadith Dua,5,en,1M-10M,4-5,Very beautiful and perfect app. Thanks.,,,
11d59d2d-81dd-4476-b850-02e634dcc99d,Prayer Times - Qibla & Namaz,5,en,1M-10M,4-5,This app is gooooooooood and use are very easy. That is application suma add item,,,
2d670d07-0198-450f-9981-e3e51452ac41,Muslim Bangla Quran Hadith Dua,5,en,1M-10M,4-5,"It’s very usefull but handy for Muslim Ummah. I highly applaud your affort. It may be a guidance for practicing Muslims. Thank you, very much.",,,
06f6bfc7-a5d1-42fe-b6d7-0d019e89021b,"Muslims Day-Prayer, Quran, Dua",5,bn,1M-10M,4-5,"এটা খুবই গুরুত্বপূর্ণ এ্যাপ, যা আমাদের সকলের কাছেই রাখা দরকার",,,
54523be2-f3b0-4ced-ac31-f413fbc4c4cf,Muslim Bangla Quran Hadith Dua,5,bn,1M-10M,4-5,আলহামদুলিল্লাহ it is tha most valuable apps,,,
46522fb2-4bea-4cb8-bf4d-b3ba07a7c079,Muslim Bangla Quran Hadith Dua,5,bn,1M-10M,4-5,এতটাই চমৎকার অ্যাপস আমি যাকে পেয়েছি তাকেই ইনস্টল করে দিয়েছি।বুঝিয়ে দিয়েছি। আল্লাহ পাক এই অ্যাপসটির উসিলায় আমাকে অনেক কিছু শিখিয়েছে এবং জীবনের অনেক পরিবর্তন এনে দিয়েছে। অ্যাপসটির তৈরি করার পিছনে যতজনের শ্রম আছে সবাইকেকে আল্লাহ পাক উচ্চ মর্যাদা দান করুক।,,,
254b707d-d47e-4fb9-8c3f-58074c1994ae,"Muslims Day-Prayer, Quran, Dua",5,bn,1M-10M,4-5,খুবই সুন্দর ও কার্যকরি apps,,,
0ef8775b-a5b5-48ee-abfc-0aa656a0f8be,Muslim Bangla Quran Hadith Dua,5,tr,1M-10M,4-5,ma sha allah..khub vlo ekti kaj. Allah apnadr er jonno uttom purushkar dik.amin.,,,
d15ac0e4-c2ff-4ad2-9f97-3d08676fb6ac,Muslim Bangla Quran Hadith Dua,5,bn,1M-10M,4-5,"জাযাকাল্লাহ,,,, কিন্তু সময় ২-১ মিনিট এদিক সেদিক রয়েছে।চিরস্থায়ী সময় সূচির সাথে মিলিয়ে দিলে ভালো হবে।",,,
ea9a6982-342d-4806-bd4d-984d31792536,"Muslims Day-Prayer, Quran, Dua",4,bn,1M-10M,4-5,"বাংলা ক্যালেন্ডার যোগ করুন, please add bangla calender",,,
858889cf-98d0-40e3-9e6e-39e1cb20cddb,"Muslims Day-Prayer, Quran, Dua",5,bn,1M-10M,4-5,খুবই সুন্দর এবং গোছানো একটি অ্যাপ। কোরআন শরীফ টেক্সট আকারে যোগকরা যায়কিনা বিবেচনা করে দেখবেন।,,,
05134a67-908e-46f8-b3cd-b2db01d9aac3,"Muslims Day-Prayer, Quran, Dua",5,bn,1M-10M,4-5,নফল রোজা রাখার সময় সেহরি ও ইফতারের সময়সূচী নিয়ে দ্বিধায় ছিলাম।আলহামদুলিল্লাহ এই অ্যাপ ব্যাবহারে সমস্যার সহজ সমাধান পেলাম।,,,
a689d0c0-8ce6-40e5-ac49-ba0506f9f26f,Prayer Times - Qibla & Namaz,5,ur,1M-10M,4-5,اللہ پاک دعوت اسلامی کو مزید ترقیاں عطا فرمائے,,,
5a8cdd73-0e47-4e21-9cbc-40b3a69dd92e,"Muslims Day-Prayer, Quran, Dua",5,bn,1M-10M,4-5,অসাধারণ একটি এ্যাপস যা ইসলামের অনেক হেল্পফুল। তবে ছোট একটি আশা এ্যাপসে অ্যালার্ট টা ঠিকমত কাজ করে না সেদিকে নজর দিবেন আশা রাখি,,,
de5fb37a-0841-466a-a46b-b8db9c8008d3,Muslim Bangla Quran Hadith Dua,5,bn,1M-10M,4-5,"মাশা আল্লাহ,, চমৎকার একটা এপস",,,
5e6bf6ee-90fc-4313-85fd-3abb4da6698a,Muslim Bangla Quran Hadith Dua,5,bn,1M-10M,4-5,"আলহামদুলিল্লাহ, সত্যি আমি খুবই উপকৃত হলাম। আল্লাহ তা'য়ালা আপনাদের এই প্রজেক্ট এর সাথে যারা জড়িত আছে, আল্লাহ সবাই কে কবুল করুন,নেক হায়াত দান করুন আমিন।",,,
78d4515d-40da-4de8-bc7d-3695491dc9ec,Prayer Times and Qibla,4,oc,1M-10M,4-5,doa..qunut.. doa selepas solat..niat solat sperti solat taubat dan mcm doa lg..,,,
b0445a35-4377-47fb-9066-1a4e57ac8bcb,Prayer Times - Qibla & Namaz,5,ur,1M-10M,4-5,اس میں اشراق چاشت اووابین تہجد کے اقات بھی شامل ہونے چاہیے جس کی کچھ لوگو ں سخت ضرورت ہے اللہ کا قرب حا صل کرنے کے لیےاور زوال کا ٹائم بھی موجود نہیں ہے اس میں باقی بہتر ہے,,,
ab250c31-0b17-4252-9de7-a11316e5ad4e,"Muslims Day-Prayer, Quran, Dua",5,bn,1M-10M,4-5,অনেক সুন্দর একটি এপস সবাই ডাউনলোড করুন,,,
1e661916-3caa-4bba-9aa1-bd70af757dc7,Muslim Bangla Quran Hadith Dua,5,it,1M-10M,4-5,"MashaAllah,khub e valo app.onek upokrito hocchi. ZajakAllahu Khair",,,
5abdc172-90e5-4fe9-8106-0f4d728111aa,Muslim Bangla Quran Hadith Dua,5,bn,1M-10M,4-5,"টপ অফ স্টেক - টপ অফ বাংলাদেশ আলহামদুলিল্লাহ, এই রামাদানের আপডেট টি খুব চমৎকার হয়েছে নামাজের সময় টপ অফ স্টেক এর সেরা একটি এপ।",,,
17ae9702-0178-4162-808f-16769eb4af4d,"Muslims Day-Prayer, Quran, Dua",5,bn,1M-10M,4-5,"খুবই সুন্দর একটি এপ,, আমি খুবই উপকার পাচ্ছি,,, চাইলে আপনি ও নামিয়ে রাখতে পারেন,,,, কাজে আসবে,, মাশাল্লাহ অসাধারণ উদ্যোগ ,,,, আল্লাহ তায়ালা তাদের কল্যান দান করুক যারা এর ব্যাবস্থাপনায় নিয়োজিত আমিন।",,,
1697e2a7-949c-4c06-a6f6-eb8113d8922c,Muslim Bangla Quran Hadith Dua,5,bn,1M-10M,4-5,"আসসালামু আলাইকুম ওয়া রহমাতুল্লাহ্! অ্যাপটি খুবই উপকারী।এখানে ""সকাল-সন্ধ্যার দু'আ ও যিকির"" নামে আরেকটি ফিচার এড করলে আরো উপকৃত হবো ইন শা আল্লাহ্।জাযাকুমুল্লাহু খয়রন",,,
1c035559-c05a-45cf-b56f-a4048aebce5c,iQIBLA Life,1,en,<1M,1-2,The app should intoduce 1- seperate counting for custom zikr. 2-Users are to be able to fix count of vibration 3- User should be able fix the time of device time out.,,,
7ff1dcbd-71e6-4fbe-b49f-9ece65292f29,iQIBLA Life,1,en,<1M,1-2,"I started to use this Ring today only and as soon as I updated it with the latest version by binding it with the iQibla life App today itself 26 April, 2023 the Ring is continuously getting restart. And I am not able to do anything. Please help. As I haven't Used the ring for even 10 mints",,,
badcd9bc-11bb-4940-9470-b091acbfd339,iQIBLA Life,2,en,<1M,1-2,16.10.23 2 star - Will update & continue to monitor. Will review again.. 10.10.23 1 star - After upgrade. Device cannot connect to app. Please rectify.,,,
fd55df2c-acbd-4aab-b608-426bbdfaf0be,Pillars: Prayer Times & Qibla,2,en,<1M,1-2,"One of the best apps I have used l. But recently the tracker feature stopped working. Whenever I open the tab, I get a grey blank page. Please help bring it back.",,,
b2248646-d79f-4d7b-b277-32c7b7873551,iQIBLA Life,1,en,<1M,1-2,"I just bought the ring. Installed the app, but it just gets stuck at getting the location. I have tried many times, allowed the location access, but I doesn't get any further than the location screen. Can't use the app at all.",,,
2640b2f6-b8fb-4b60-a998-b97b5236f6ad,Pillars: Prayer Times & Qibla,2,en,<1M,1-2,Keeps force closing since recent update. Please also provide Wear OS support. No changes since and force closing every time when opening,,,
8ae97668-97b4-4fcb-a2bc-3f4c48c9eff0,iQIBLA Life,2,en,<1M,1-2,I keep getting logged out FIX THIS !!,,,
351d9968-f810-4abf-b57a-f12edb472f83,Deen - Islamic App,1,en,<1M,1-2,Not working on my Tab! Fix it please! Will change the review than!,,,
da877417-1db7-4480-b44e-977cd1224953,iQIBLA Life,1,en,<1M,1-2,Please update/upgrade your apps..So bad..,,,
d222b103-b43e-4fca-b903-fc5d2eb2a92d,Niya: Muslim prayer tracker,1,en,<1M,1-2,always lag and crash. testing my patience instead of letting me tracking my prayer,,,
b01d1f1c-cf7f-47c7-8e76-b4b4132d95e6,iQIBLA Life,1,en,<1M,1-2,"It also makes it difficult to connect to the ring!!! I bought this ring last year, so where do I want to find the box to get the SN number?? What should I do?? Throw away? Buy new?? Stupid!!",,,
8ef709d3-fbe1-4bc4-8391-d7f532804f45,Deen - Islamic App,1,en,<1M,1-2,"May Allah reward the owner of ""Deen"" App in both of lives, specially in hereafter. Aameen Sumaa Aameen",,,
89506c27-0b48-4da5-bf35-362cb8ca042a,Deen - Islamic App,2,en,<1M,1-2,"Bangladeshi Quran , only English and Bangladesh language is used in this application",,,
c2f1c573-7933-4f96-9258-520a53f0cca5,Everyday Muslim - Pray tracker,1,en,<1M,1-2,"it crashes at locate me option, again and again, i keep on installing and uninstalling, nothing clears thar glitch",,,
a534cb51-bd60-4e99-b1c7-79624607d74c,iQIBLA Life,1,en,<1M,1-2,Speed up Bluetooth and enlarge its range.The qibla direction tool in this app is not accurate.And make option to improve zikar display light,,,
fb58bf10-9cb3-4bed-bc09-de16069dd63c,Deen - Islamic App,2,en,<1M,1-2,"I gave them 2 stars. & in response they said, ""Do not give unnecessary 2* Brother. If you have an issue please report us. We will try to solve. Please hit the 5* if you love this app."" Yes, you have issue, attitude issue. Fix it. Could you?",,,
7d3978a6-710a-4e30-b23a-05b242aa0709,Deen - Islamic App,1,en,<1M,1-2,ka aap log shia ho ku ka sur rahman ki translation jo maine Kuran Sharif mein padha vah alag tha please bataiye kyunki Main Sunni hun,,,
95503057-f2cc-46f0-8898-0c1429290cc9,Pillars: Prayer Times & Qibla,2,en,<1M,1-2,The qibla doesn't work on android phones. Please fix this bug,,,
7fd9df0e-4a00-47c7-b20e-ad701d8a1c85,Pillars: Prayer Times & Qibla,1,en,<1M,1-2,I can't go through the setup because a page is just gray with no way to pass. (I'm on android),,,
a150c5d4-a5db-4fba-a579-3c99c69e54c2,Pillars: Prayer Times & Qibla,2,en,<1M,1-2,Crashes always and even I selected Prayers notification to normal Banner it auto reverts to Azan. Need more improvements,,,
86e9bb40-9f0e-4bd5-82e6-7e10d7e6551a,iQIBLA Life,1,ms,<1M,1-2,Susah nk connection. Banyak functions yang tidak boleh digunakan. Tolong upgrade apps ni.,,,
d00f92fc-b993-4a2f-b624-19a7ad90826b,iQIBLA Life,1,ar,<1M,1-2,"التطبيق كان كويس في البداية، لكن دلوقتي فيه مشكلة كبيرة في تسجيل التسبيح. كل ما أسبّح يظهر ""تم التسجيل"" لكن بعد كده البيانات لا يتم حفظها، ويظهر خطأ في الخادم الداخلي. جربت أحذف التطبيق وأعيد تثبيته، ومسحت الكاش، وغيرت الشبكة (واي فاي وداتا)، لكن المشكلة ما زالت موجودة. التسبيح بيضيع ومش بيتسجل بشكل صحيح. برجاء إصلاح المشكلة في أسرع وقت لأنها أساسية في استخدام التطبيق.",,,
f8385734-54fb-4e4f-8f2b-63e38fca2a89,iQIBLA Life,1,ar,<1M,1-2,يحتاج إلى كثير من التطوير,,,
87fad0f4-ea14-485b-9895-3a5c65e67819,iQIBLA Life,1,ar,<1M,1-2,الابلكيشن زى الزفت وبيخرف ومش بيسجل التسبيحات رغم انى ربطاه بخاتم الذكر عمال يوقع ايام كتير اوووى وكل يوم الاقى تسبيحات الايام الى فاتت الى كانت متسجلة اتمسحت ، انا مش فاهمه ف اى ياريت المشكلة تتحل وبسرعه .,,,
83edf846-3920-41e8-953c-d8eb2d258c47,iQIBLA Life,1,ar,<1M,1-2,انتم ابلكيشن زي الخرا والارف على دماغكم,,,
387513ee-b90f-4533-ab34-59d194d50575,iQIBLA Life,1,ms,<1M,1-2,Teruk Sgt. Tak boleh nak connect langsung.,,,
ff836d41-6f93-4e81-b48f-86d66acebba8,Deen - Islamic App,1,bn,<1M,1-2,যখনই এ্যপস টার ভিতরে ঢুকি ফোনে এলার্ম সিম্বল উঠে থাকে শুধু শুধু।সব নোটিফিকেশন অফ করে দিলেও এটা উঠে থাকে যা পুরাই বিরক্তিকর। যতক্ষণ না ফোন অফ করে অন করবো এটা যাবেই না। বাধ্য হয়ে আনইন্সটল করে দিয়েছি।,,,
a9cc03a2-752b-4312-b7fc-e346ee4cb56f,Deen - Islamic App,1,bn,<1M,1-2,ফালতু App...ওপেন হয়না। অযথা MB নষ্ট। কেউ ডাউনলোড করেন না।,,,
b79a96a2-ff58-4a00-b0ab-ca84433c00d8,Deen - Islamic App,1,bn,<1M,1-2,এই app এর মধ্যে হাদিস গুলোতে অনেক শব্দ কঠিন । যা নাকি সাধারন মানুষ বুঝতে পারেনা । আশা করি পরবর্তী আপডেট এ এটি সংশোধন হয়ে যাবে।,,,
17a6bc4f-646d-4988-80d9-1a68ff0a7ff0,Deen - Islamic App,2,io,<1M,1-2,sura download korar kono option nei.,,,
07be4173-639c-4461-a2ed-a4039d830947,Deen - Islamic App,1,gl,<1M,1-2,Quran Pak Mai rukuu thek jga per nhi a rha 1st para 2nd para,,,
5a2ce37d-1dfd-4803-ba55-2b5266db03c4,iQIBLA Life,1,es,<1M,1-2,Imposible emparejar con el smartwatch. Horrible.,,,
92ecd49b-6018-469d-be23-190931e72291,iQIBLA Life,1,nl,<1M,1-2,App crash ho rahi he baar baar,,,
a4ad6b97-523f-4dcf-b569-ff318e916e57,Deen - Islamic App,1,eu,<1M,1-2,Mara chalu nahi ho raha,,,
f0f594a4-c790-436a-8d36-1860093be4e4,Deen - Islamic App,2,bn,<1M,1-2,কাস্টম লোকেশন সিলেক্ট করার অপশন রাখেন নাই। লোকেশন আমার বাংলাদেশ এসে আছে। যা আমার বিভাগের ইফতার ও সাহরির সাথে কয়েক মিনিটের তফাত,,,
18174231-21d1-489d-a5ab-6f9d957757ec,Deen - Islamic App,1,bn,<1M,1-2,"সূরা কাহাফের 17,18 নাম্বার আয়াত এ ভুল গুলো সুধরিয়ে নিলে ভালো হতো",,,
c9227175-0950-4909-b994-e33b9b543c9a,iQIBLA Life,1,id,<1M,1-2,Tidak dapat connect dekat Fon Bluetooth,,,
570dc818-cc45-40eb-ac76-ca3bc7881081,Deen - Islamic App,1,bn,<1M,1-2,হাফেজী কুরআন যুক্ত করলে ভালো হয়,,,
fc49ef95-111f-49b1-a635-9f617c3d5b16,Deen - Islamic App,2,bn,<1M,1-2,আগে ভালো ছিল এখন কেন স্লো হয়ে গেছে বুঝতেছিনা,,,
9b3345e0-5af8-4393-9f7a-cf5b1b7bc25f,Deen - Islamic App,1,bn,<1M,1-2,অসাধারণ একটি এপ আমি এটা খুবই পছন্দ করি,,,
ee466da9-01ff-45f2-9844-d69caad5aef7,Pillars: Prayer Times & Qibla,3,en,<1M,3,"Great app! Just waiting for the widgets it's a deal breaker for me. Suggestion: 1 widget that says 1. The name of the prayer: eg. Dhuhr 2. Time of the prayer 3. Time remaining: eg. 3hr & 20 mins remaining 3.1 (default) Iqamah time 15 mins (adjustable in settings) 3.2 resumes showing the next prayer name after the 15 mins I use ""My prayer app"" yellow+white icon. The only reason is the fairly clean design & widget that shows the info as described above. The widget is bigger than it needs to be.",,,
71521213-f72d-4a59-bf1c-367cbf1fd7a5,Deen - Islamic App,3,en,<1M,3,There is a difference in athan times,,,
d6db94e0-1f01-4245-943b-c332fd643eaf,Deen - Islamic App,3,en,<1M,3,This is what I would call an app. No ads and purchases. Simple donation pop up only. The app could do a bit more work on the widget. The best thing I like about this app is the in-depth timing details. Glad I finally found this app! Edit: There is one thing this app lacks; the ability to customize the notification timings and sound related stuff. Downgrading from 5 to 3 star for that.,,,
f709a1a4-f63e-4760-9911-710eb8779e81,iQIBLA Life,3,en,<1M,3,I hope you fix bugs which makes the app slow and modify the the app by making it possible to switch between custom and tasbeeh without loosing the custom counts.,,,
4caa0181-33ed-4b39-85a4-5439b48c3053,Deen - Islamic App,3,en,<1M,3,The interface was lagging imo but the app itself is good for the people of subcontinent as it is not made international users. There is prayer time based on only hanafi and shafi madhab. So what'll the people of maliki and hanbali refer to? Also there is a section of kalima within the app and we all know the 6 kalimas has no authentic source.,,,
ef5f206f-9665-4a32-8914-4892a4b5342d,Pillars: Prayer Times & Qibla,3,en,<1M,3,need to stop being bombarded with popups about donating,,,
6b93142e-2360-4752-9100-292df49953f9,Everyday Muslim - Pray tracker,3,en,<1M,3,"Good, it tells me when it is the right time to pray",,,
c33c6dcf-7727-4927-91b8-a236f258f1ff,Pillars: Prayer Times & Qibla,3,en,<1M,3,"love the app. only problem is when adhaan is going , it cuts off ,if it is disrupted by a notification on the phone and does not continue to play in the background like other apps. please check on this. it also cuts off it i have to open my phone to use it.",,,
61ee4047-2e55-47eb-aef1-765247e667d4,Pillars: Prayer Times & Qibla,3,en,<1M,3,Had to uninstall since it wouldn't give me prayer notifications even though I gave permissions as the app asked. Not sure what the issue is.,,,
d125c8b7-74e9-4a40-a6cc-7ca24b577feb,Pillars: Prayer Times & Qibla,3,en,<1M,3,The Asr prayer was off by an hour in my location,,,
dd87d175-55cb-4a28-ad67-889a24be6e84,iQIBLA Life,3,en,<1M,3,"As a prayer reminder, it does not follow all the selected authorities. You still need to do adjustment to it. As a tasbih counter, the functions are simple which is good but need more features.",,,
10256bb3-efec-4a29-b88e-bf53564fb066,Deen - Islamic App,3,en,<1M,3,Add edit namaz times and make accurate and fix notifications to come through offline and please update the app,,,
1846e909-8c96-447d-a0b8-947af6d69eaa,iQIBLA Life,3,en,<1M,3,It does what it is supposed to do,,,
066f40e1-7757-4d2c-9032-8dad0ef45ab4,Deen - Islamic App,3,en,<1M,3,This app is so helpful! Thanks a lot for making this app. But it is not showing the accurate Ramdan date. Like today is 24th Ramdan. But It's showing 25th Ramdan. Hope this will be fixed soon.,,,
90ed205c-b50b-4154-854d-a142f06fbb03,Pillars: Prayer Times & Qibla,3,en,<1M,3,"Needs improvements. Prayer times are not displayed correctly, widget doesn't work either. App also crashes often.",,,
a744b145-7494-4be8-8b70-3e9e2071811f,iQIBLA Life,3,en,<1M,3,good but need more work to be easy,,,
109f9bf1-b18e-47e4-856c-206122a06a56,Deen - Islamic App,3,en,<1M,3,"An incredibly clean, ad-free, and beautiful app with a smooth UI and a vast collection of books, Hadiths, and the Quran completely for free. Drawbacks: Hadiths lack multilingual translations and The Quran translation only shows when reading ayah by ayah, reverting to Arabic-only in Page or Surah mode. It also lacks localized congregation times for nearby mosques.",,,
8c8974eb-551f-46ef-b566-019a81132883,iQIBLA Life,3,en,<1M,3,still need plenty of room for developing,,,
95626802-2dfa-4e05-b42b-5a5a78f71eb7,iQIBLA Life,3,en,<1M,3,From the last update I couldn't connect the device with the application when I pressed the middle icon network error and closed the app I restarted it many times Erased it and reinstall nothing happened,,,
4dfdf40f-d752-4409-9610-58a9ed37277f,Muslim Muna Adhan Prayer Quran,3,en,<1M,3,I'm yet to use it. Just downloaded. I'm more concerned with accurate prayer time and Azan,,,
f055b33d-1a23-4f14-94d9-93c4a42ae866,Deen - Islamic App,3,bn,<1M,3,"কালেমা তাওহীদ, তামজিদ দুটোই ভুল।",,,
d413405d-c6ce-4f5f-b87c-949ca2a6158f,Muslim Muna Adhan Prayer Quran,3,ar,<1M,3,يحتاج الى تحسينات ويرجى إضافة اذكار الصباح والمساء ويدجت الصلاوات,,,
18fdfb8b-363a-4d73-9e71-6e3de30c1d1c,Deen - Islamic App,3,uk,<1M,3,plz add bangla widget. add colorful wi/get,,,
5e26c3e4-83f6-4434-bbb5-86835a56b6a5,iQIBLA Life,3,id,<1M,3,"Terima kasih kepada semua yang terlibat, sangat berguna untuk saya.",,,
e4c16a6f-4460-4705-b01d-9f31eee78132,Deen - Islamic App,3,bn,<1M,3,সুবহে সাদিকের শেষ সময় দেয়া নেই। সুবহে সাদিক আজানের ৮ থেকে ১০ মিনিট আগে হয়। তখন খাবার খেলে রোজা হয় না। এছাড়া বাকি সব ঠিক আছে। আশা করি রমজানের আগে আপডেটটা আনবেন,,,
5a12d089-d196-4bd7-9166-b96186de32b5,Deen - Islamic App,3,bn,<1M,3,মাজহাব অনুযায়ী সময় নির্ধারণ কতটুকু সঠিক??,,,
79696e92-1119-4a3d-a363-49a620079f2d,Deen - Islamic App,3,bn,<1M,3,"ঢাকায় সেহরি ও ইফতারের সময় মিলছে না,,,,",,,
949a24a2-4d88-41c2-b714-b5e19770615d,Deen - Islamic App,3,bn,<1M,3,নামাজের সময়সূচী সহ বাংলা widget চাই,,,
b7a5233f-b59a-4613-bb97-aa17b00caf5e,iQIBLA Life,3,ar,<1M,3,لو حد عنده مشكلة في التوصيل يكتب أرقام في خانة ال username,,,
7c2c7474-e514-4317-9026-db5b1d800bdd,Deen - Islamic App,3,bn,<1M,3,"আপনাদের এটা জানা থাকা উচিত যে ইসলামিক ক্যালেন্ডার সন্ধ্যার পর পরিবর্তন হয়। আপনাদের অ্যাপে ইসলামিক ক্যালেন্ডার পরিবর্তন হচ্ছে রাত ১২টার পর!!!! দয়া করে এটা ঠিক করে দিন এই যেমন আজ ১১তম তারাবিহ পড়ার পরও অ্যাপে(11th march 11:44pm) তারিখ দেখাচ্ছে ১০ রমজান, কারণ এটা রাত ১২টার পর পরিবর্তন হবে,,",,,
f2e1f72a-dd12-4bbc-ac4f-636477bcb877,Deen - Islamic App,3,ar,<1M,3,"للاسف لا يوجد لغة العربية i hope you add arabic soon, this will be perfect for me if it support arabic language",,,
a82c4aec-5e58-448d-9a45-b78420e81cef,Deen - Islamic App,3,bn,<1M,3,অফলাইনে থাকলে অডিও কেন শোনা যায় না?,,,
3d264c26-0be8-4bf9-b60b-e469052d6909,Deen - Islamic App,3,bn,<1M,3,"ভালো তবে সাথে আযান যোগ করলে ভালো হতো, ভেবে দেখার জন্য অনুরোধ রইলো।",,,
83a7582c-dbcf-445a-9f68-20dbb5da5455,Deen - Islamic App,3,bn,<1M,3,"৩টা স্টার দেয়ার কারণ হলো, আমি এপের নোটিফিকেশন অফ করে রাখছি, তাই প্রতিবার এপে প্রবেশ করতে চাইলে সেটিংস চেঞ্জ করতে বলে। যেটা খুবই বিরক্তিকর।",,,
7c40e9fe-c46f-4b14-85a6-9d8de44a9c9d,Deen - Islamic App,3,bn,<1M,3,আমাদের পার্থিব জীবন পরিচালনার ক্ষেত্রে কোরআন ও হাদীসের আলোকে চলা অপরিহার্য। সেই লক্ষ্যে প্রথম পর্যায়ে পবিত্র কোরআনের যেসব আয়াত এবং হাদীসের মধ্যে যেসব হাদীস বাস্তব জীবনে মেনে চলা একান্ত প্রয়োজন সেগুলো ধারাবাহিক ভাবে উপস্থাপন করলে আমরা বেশি উপকৃত হব । ধন্যবাদ।,,,
45fcf4bd-3725-469d-8a60-3ada53729b05,iQIBLA Life,3,id,<1M,3,tolong perbaiki sistem apknya kadang error,,,
d13d313b-a886-4613-88e2-7c4d68fd24d8,"Sadiq: Prayer, Quran, Qibla",3,ar,<1M,3,التطبيق جميل جدا اللهم بارك لكن أوقات الصلاه غير صحيحة لدولة مصر لأنه لا يوجد طريقة لتفعيل التوقيت الصيفي أرجو ادخال السماح للتحويل بين التوقيت الشتوي و الصيفي جزاكم الله خيرا,,,
fcdf74ba-42a1-4f21-845e-7a3456537049,iQIBLA Life,3,es,<1M,3,Add hijir calender on ring screen,,,
71988708-8a8d-4cca-84f7-6dfdbd926936,iQIBLA Life,3,ar,<1M,3,يتم فصل اقتران الخاتم بالهاتف عده مرات و قد قمت بتشغيل البرنامج في الخلفيه و السماح له بالبيانات في الخلفيه ايضا و مع ذلك ينفصل بشكل متكرر,,,
dde7d0bb-f98f-4f72-914c-c624012ecbeb,iQIBLA Life,3,id,<1M,3,Banyak waktu dan arah kiblat tidak tepat PERBAIKI,,,
895a986f-5cf3-47fd-a460-d5ed4739491b,Everyday Muslim - Pray tracker,5,en,<1M,4-5,Alhamdulillah. Very helpful apps for Ireland.,,,
417b365f-3e7c-4824-b184-525d64558654,"Sadiq: Prayer, Quran, Qibla",5,en,<1M,4-5,everything important in one place,,,
50034451-1734-4727-bcae-623367922a36,Pillars: Prayer Times & Qibla,5,en,<1M,4-5,"I am satisfied with this app. This app is very helpful when it comes to salaat, fasting and just keeping us together during the day. Focus is on what's important. ALLAH!",,,
8ed02ab2-22b7-4bf0-bf5c-29f9f1da5db4,Pillars: Prayer Times & Qibla,5,en,<1M,4-5,Best app for tracking namaz,,,
acc92ce1-b5ec-4f43-ac52-f96ffb800776,Everyday Muslim - Pray tracker,5,en,<1M,4-5,"The interface is amazing maashallah, what do you think about open sourcing this app?",,,
ee0e700c-1f1c-46d4-90e7-9766cd967f4f,Deen - Islamic App,4,en,<1M,4-5,"it's amazing I totally recommend it , can you just please add daily (morning/evening) dhikr",,,
0a00a5f2-4007-4364-a94c-ddf9262dee9d,Everyday Muslim - Pray tracker,5,en,<1M,4-5,"Best app for All ,",,,
ed75d85a-fd63-46f1-abd1-cfbb93ef0026,Deen - Islamic App,5,en,<1M,4-5,Its a fantastic app. You will have every single essential services. Just loved it.,,,
809cd9a0-cacf-4434-9c55-16574456feca,iQIBLA Life,4,en,<1M,4-5,I am using flex pro zikr ring I entered 10k count but it's not synced Plz update the app that it will synced properly,,,
6e80ca82-6c55-4781-82aa-4f4b3e6f46df,Everyday Muslim - Pray tracker,5,en,<1M,4-5,this is a great app!! please add 4x1 Widgets,,,
a7ea8ec9-3647-4770-8794-5972fc0eae0a,iQIBLA Life,4,en,<1M,4-5,Very good Mashallah Charjar very is not good,,,
a9f5c673-eb11-4307-99f5-aa33fa2a4593,"Sadiq: Prayer, Quran, Qibla",5,en,<1M,4-5,"I rarely do app reviews...but this app has been a game changer when it comes to the prayer sspect of my life the interface is well thought with convinient features...speacially the Qur'an and unlike most free apps there is no annoying ads,deserving 5 star..",,,
b8fbbfb5-f0b6-425d-b8d8-5a358b56c286,Deen - Islamic App,5,en,<1M,4-5,one of the best Apps. but it will better if theres sign in option to keep the data safe.,,,
4e9a8c01-1d25-4087-bff1-c231b7f15d5c,Everyday Muslim - Pray tracker,4,en,<1M,4-5,Interesting app. One request: could you make a group option for other daily habit also?,,,
e1c7fc7d-73e9-4979-bf0b-d8ae52b069da,Deen - Islamic App,5,en,<1M,4-5,"Alhamdulillah, This app is enough for a Muslim. Truly this app is really awesome.",,,
f450b2ef-7981-41ac-b3a6-093c0781b995,Pillars: Prayer Times & Qibla,5,en,<1M,4-5,An excellent app The layout is neat and it sends notifications for when it is salah time.,,,
0e130474-9768-4b85-8e30-97a9094a854f,Deen - Islamic App,5,en,<1M,4-5,"It’s an amazing app. All in one, it has everything that a muslim need day to day. This app is user friendly. One can easily read Al Quran, if they ar travelling or they ar somewhere, where they can't carry Al Quran as a book with themself. Adding bangla meaning made it more significant. There is also a lot of features.. I just love this app. Who ever made this app, gave his/ her effort in developing this app.. May Allah bless them. Well wishes to All my brothers and sisters.",,,
4ffe65b2-f5d9-4967-902a-0d75c47ecf52,"Sadiq: Prayer, Quran, Qibla",5,en,<1M,4-5,Nice Look ... waiting for quran,,,
64340cad-b95d-4aaf-9fca-283d84a25e35,Pillars: Prayer Times & Qibla,5,en,<1M,4-5,"it's really good at what it's for. my favorite feature is that it only shows you your prayers by day, not by week or month. which makes prayer far less overwhelming. This app has contributed heavily to me praying 5 times daily, may Allah grant the creator the reward ameen",,,
91b6614c-5079-4644-8a36-aaaf9740fcaa,"Sadiq: Prayer, Quran, Qibla",5,en,<1M,4-5,May the almighty Allah bless the people those who all took such initiative and helped Muslim Ummah.,,,
b309afde-0624-4d8d-ac62-69417deb018e,iQIBLA Life,5,id,<1M,4-5,Cukup suka dengan interface app yang kat situ kita dapat tengok jumlah zikir keseluruhan selepas beberapa tempoh guna zikr ring ni. Kalau dapat control brightness level zikr ring lagi lah mengujakan. Boleh jimat bateri.,,,
846501f4-fad8-4fe5-9b80-ac29ac1efef0,Deen - Islamic App,5,bn,<1M,4-5,বাংলা ও হিজরি ক্যালেন্ডার দুটো একসাথে দিলে ভালো হতো,,,
16b41c70-e26c-472c-9aab-5cfe79640daa,iQIBLA Life,4,ar,<1M,4-5,سهل وفي منتهي السهولة الله يجازي خير القائمين علي هذا البرنامج,,,
b0a6c3cb-0992-4062-a4ea-0137a9c10410,Deen - Islamic App,5,bn,<1M,4-5,আলহামদুলিল্লাহ এই Apps ব্যবহার করে আমি অনেক উপকৃত হলাম। এবং অসংখ্য ধন্যবাদ জানাই এই Apps এর ওয়েব ডেপলোপারকে ।মাশাআল্লাহ এই Apps টি মুসলিমদের জন্য অনেক উপকারী।,,,
767db7af-4683-483f-8c7c-30a63d234270,Deen - Islamic App,5,bn,<1M,4-5,"আসসালামু'আলাইকুম সেহরি নাহ, সাহরি হবে।",,,
ad4cfe20-6dac-4066-ab0b-338bf06d4dc9,iQIBLA Life,5,ar,<1M,4-5,ممتاز جدا ومحفز للذكر الله,,,
9fd2b718-e732-4d27-ac36-922272712ef9,Deen - Islamic App,5,bn,<1M,4-5,পড়তে পড়তে হঠাৎ স্ক্রিনে লক হয়েগেলে পরে লক খুললে শুরুতে চলে আসে আগে এমনটা হত না ওই স্থানেই থাকত ঠিক করার উপায়????,,,
7efa8cf8-e81d-4508-a2e5-5fbcf561c8df,iQIBLA Life,5,id,<1M,4-5,alhamdulillah..sangat suka dgn tasbil ring ni. ada getaran pd kiraan 33 66 dan 99. sy sgt bharap ada getaran pd kiraan ke 1000. waktu azan yg tepat.,,,
b2bfe634-4447-4d87-8430-633b38356774,iQIBLA Life,4,ar,<1M,4-5,تطبيق وخاتم رائع، ولكن هنالك العديد من الاقتراحات لتحسين اداء التطبيق بشكل افضل لم يؤخذ بها مثل حساب توقيت الصلاة ليكون صحيح ومعتمد حسب البلد الذي نتواجد به,,,
b8e47478-8683-4ab6-a91c-4ded6b775ad3,iQIBLA Life,5,id,<1M,4-5,alat selawat dan apps selawat yang bagus,,,
fcbef94b-1ebb-4c1b-867c-75c443076db6,Deen - Islamic App,5,ro,<1M,4-5,Nice app. Online Backup calu korle best Hobe. Ar extra feature din din add korar try Korben,,,
5fd0729a-b507-4b2f-af36-53f6f7060fdd,Deen - Islamic App,5,bn,<1M,4-5,বেশ ভালো একটি ইসলামিক অ্যাপ! রেকমেন্ডেড!!,,,
f781ef6b-9e38-471b-a50a-1d1907e625be,"Sadiq: Prayer, Quran, Qibla",5,bn,<1M,4-5,মাশাল্লাহ। আল্লাহ উনাদের ইসলামের প্রতি প্রচেষ্টা কবুল করুক। আমিন,,,
fbcaffbd-8db1-4bc2-a6ea-ddf23d6d4e35,iQIBLA Life,5,id,<1M,4-5,App yg sgt smooth...lebih kita lebih disiplin dalam berzikir...semoga Allah yg Maha baik...memandang usaha kecil kan..semoga amalan² kita diterima olehnya,,,
ea376e78-d335-43e2-8284-d0f5d31a6a9e,Deen - Islamic App,5,bn,<1M,4-5,আলহামদুলিল্লাহ খুব সুন্দর একটা এপস।,,,
1fffd024-20dc-47e6-8043-8b3cf0170a8a,Deen - Islamic App,5,bn,<1M,4-5,"অনেকদিন ধরে ব্যবহার করছি। এটা দারুণ। আমাকে যেমন এটার ব্যাপারে পরামর্শ দেওয়া হয়েছিল, আমিও তেমনি অনেককেই এটা ব্যবহার করার পরামর্শ দিই।",,,
73409550-457f-44fe-8920-c63d51d47872,Deen - Islamic App,5,bn,<1M,4-5,সুন্দর ও গুছানো সব কিছু,,,
3b7a9654-598b-4c1c-b0ab-eb1031663c95,Deen - Islamic App,5,bn,<1M,4-5,"আমি অন্য কোনো এপ এত পরিপূর্ণ দেখিনি, মাশাআল্লাহ",,,
edca0ec7-f22f-45b0-a2d0-d264869e0675,Deen - Islamic App,5,bn,<1M,4-5,আলহামদুলিল্লাহ। আমার ছেলের বানানো এপ এটি। আমি গর্বিত। সবাই দোয়া করবেন আমার ছেলের জন্য।,,,
f3108e1a-f868-4628-b349-7cbd815b6c11,iQIBLA Life,5,ms,<1M,4-5,Masyaallah tabarakallah barakallah Alhamdulillah syukur kepada Allah SWT permudahkan urusan hambanya. Cincin zikir ini mbantu saya sentiasa berselawat kepada Rasulullah SAW,,,
63e03c43-1522-4545-b6d4-efaae06c411f,Muslim Pro: Quran Athan Prayer,1,en,>100M,1-2,It's bad because they are displaying women under Qolox. Fitnah everywhere. Even this Qolbox forcing me to watch haram movies pics videos etc.,,,
e03e8d3d-fa3c-41a8-93f0-f68b053c1edf,Muslim Pro: Quran Athan Prayer,1,en,>100M,1-2,Their selling our data the biggest enemy of Islam. I bet the next thing they do is edit quran (na'uzubillah),,,
39538eb7-e692-4f0a-8e37-61699dbdc861,Muslim Pro: Quran Athan Prayer,1,en,>100M,1-2,Should we pay for Azan Makkah !!!!,,,
e9a161f4-1641-4032-9f45-aecd8702e9da,Muslim Pro: Quran Athan Prayer,1,en,>100M,1-2,This app is being accused of selling the user data to fbi.... That's so pathetic..,,,
5911d8a1-3ada-46a4-a64c-090d7c6ae2d3,Muslim Pro: Quran Athan Prayer,1,en,>100M,1-2,The app just removed my premium account and cannot reatore it. Its forcing me sign in and add monthly subscription that was not there when I paid for the premium service. Now I am getting ads that do not comply with islamic views. And you get notificaton even if you disabled them from app sitting.,,,
c11f3107-1986-4abc-9b32-9509e17b1a95,Muslim Pro: Quran Athan Prayer,1,en,>100M,1-2,"The old version was easier for me, this updated thing doesn't work i swear. The recitation often stucks and hardly plays. Am so dissapointed",,,
b03bf490-7c5f-4edd-a0ba-f784c2a9c967,Muslim Pro: Quran Athan Prayer,1,en,>100M,1-2,The Quran is not for sale or download. God Will Punish You.The Quran is free and its sources is the mosque.The bible is sold.,,,
b2ad54fc-b16e-4ea9-8b3c-5132c70070c9,Muslim Pro: Quran Athan Prayer,1,en,>100M,1-2,qalbox doesn't work on Google TV,,,
930c6927-35b3-4c2e-9a7a-986535284319,Muslim Pro: Quran Athan Prayer,1,en,>100M,1-2,"DO NOT SUBSRCIBE... I have a paid subscription for the Premuim account (no refund of course), BUT i am still getting annoying ADs..so i cancelled subscription. (Kinda annoying to be doing this so many times -support is terrible here. Look elsewhere)",,,
34630a9b-a698-4afa-a7c0-56cb452db8e4,Muslim Pro: Quran Athan Prayer,1,en,>100M,1-2,Why do you need such personal info it's sensitive okay!!!,,,
f8b07348-a7dc-480b-94aa-2c8f0caff7e8,Muslim Pro: Quran Athan Prayer,1,en,>100M,1-2,Selling data and wrong time for solat.,,,
a7c22d7a-74fa-4633-8bfd-cc2e2ea596c7,Muslim Pro: Quran Athan Prayer,1,en,>100M,1-2,STAY AWAY. They sell your location data to the US military,,,
ead3efc0-9272-4813-888d-8d63e97ccf95,Muslim Pro: Quran Athan Prayer,1,en,>100M,1-2,"Fix Urdu Translation: Instead of writing ""Allah"" which is exact translation of the Ayah, the app says ""Khuda"" in Fateh Muhammad Jalendhari translation of Quran in Urdu.",,,
11601894-248f-4230-92d4-16466fd6aa57,Muslim Pro: Quran Athan Prayer,1,en,>100M,1-2,Adhan time is not correct timing. Worst app,,,
8bdeb112-5f4c-435f-8794-b5db8a8884b6,Muslim Pro: Quran Athan Prayer,1,en,>100M,1-2,Very good and useful to we the Muslims,,,
9b7f1a87-bdf2-4b37-b765-d202da11c68f,Muslim Pro: Quran Athan Prayer,1,en,>100M,1-2,Are you selling our location data to the US military?,,,
406628d2-7715-4865-8fee-a5855150c8b8,Muslim Pro: Quran Athan Prayer,1,en,>100M,1-2,"I used to love this app. I've had it since the beginning when it just came out, I very rarely pay for apps but for this one I bought the premium subscription and was very happy for many years until Qalbox was introduced. The constant Qalbox in your face ads inside the app was a major annoyance to a point where I actually paid for it but ended up not using it. So I cancelled the Qalbox subscription. Now the annoying invasive ads when I just need to check something, is back. Unhappy user.",,,
7a2ef71d-6468-4cff-ac02-14826a22bd56,"Wemu: WeMuslim, Athan&Qibla",1,en,>100M,1-2,Thanks for the good services,,,
b1a47d25-68bf-422d-a33c-822b34360289,Muslim Pro: Quran Athan Prayer,1,en,>100M,1-2,way tooooooo many ads just to check prayer times.,,,
ed5b9667-b860-41fb-9aae-a7d7b79edd95,Muslim Pro: Quran Athan Prayer,1,en,>100M,1-2,"My lifetime premium was gone, changed to monthly payments system seriously? :( worst worst update :( Disappointed with the devs :(",,,
86670bbf-329b-4bca-a306-dab218b5fc42,Muslim Pro: Quran Athan Prayer,1,id,>100M,1-2,Ini applikasi hanya Untuk orang syiah aka shia..Saya harap muslim ASWJ tidak guna Applikasi syiah ini.. Kerana didalam ini ada azan shia aka syiah yg memuja saidina ali.. dan ayat al quran didalam ini ade perubahan dari segi sebutan.. Dan azan juga telah di ubah!!,,,
dff28bf3-4e2c-48db-a1fb-5a4866016146,Muslim Pro: Quran Athan Prayer,1,id,>100M,1-2,masa azan langsung tak bunyi,,,
78b2b4ae-40d2-4b42-8f5a-664d5f2a6bc8,Muslim Pro: Quran Athan Prayer,1,ar,>100M,1-2,الاذان مشتغلش ولا مره من اول منزلت التطبيق,,,
e7deb947-c875-426b-afc1-861d8f9ce070,Muslim Pro: Quran Athan Prayer,1,bn,>100M,1-2,আপনাদের অ্যাপ টি ভালো কিন্তু বাজে বাজে অ্যাড আসে এজন্যই অ্যাপ টি আনইন্সটল করে দিলাম,,,
49a2e81f-93bd-455a-8196-0f64558c7a56,Muslim Pro: Quran Athan Prayer,1,id,>100M,1-2,"terlalu banyak iklan, tiap buka tiap klik muncul iklan mulu, masa iya mau lihat jadwal sholat aja muncul iklan 2-3 kali.",,,
a9d72ff1-d21d-4a77-b56c-2d646a5df3d2,"Wemu: WeMuslim, Athan&Qibla",2,ar,>100M,1-2,مش عارفة ليه الاذان مش بيشتغل لو شاشة التيلفون مقفولة و ياريت لو تراعوا ان وقت الحيض مش بينفع الست تصلي فمتخلوش الأيام دي تضيع تقدم الواحدة لما تسجل الصلاة تاني,,,
f6862566-8f07-44bb-bc4b-68fdb805d435,Muslim Pro: Quran Athan Prayer,1,id,>100M,1-2,Surat terakhir yg dibaca ngereset k awal trs ketika apk dibuka lagi,,,
77387179-e7a8-4ef2-8376-25b1f6f3bf02,Muslim Pro: Quran Athan Prayer,1,id,>100M,1-2,Tolong perbaiki lagi. Banyak huruf dan tanda baca yang salah,,,
4ccc1349-99d5-445f-9d8a-554e4ed678f7,Muslim Pro: Quran Athan Prayer,2,ms,>100M,1-2,Alhamdulilah senang belajar dan senang difaham.,,,
baa2d05e-7d68-4fe2-88b4-e39d9cf0b992,"Wemu: WeMuslim, Athan&Qibla",1,ar,>100M,1-2,في الأول كان كويس جدا جدا لكن دلوقتي بقا حرفيا إعلانات ويخلي الواحد مضايق بجد دي حاجة دينية مش عشان اوقف الاعلان ادفع فلوس هي دي تجارة دينية ف بجد التحديث دا من أبشع التحديثات واتمني يرجع زي الأول مفيش اعلان,,,
18d2763c-5129-43b9-b25b-48a849302cc6,Muslim Pro: Quran Athan Prayer,1,id,>100M,1-2,"Padahal sudah berlangganan premium lama, tapi sering tiba2 muncul iklan dan notifikasi Tap to Restore Premium, dan uda kejadian berulang2 kali, jadi capek harus setting ulang terus suara notifikasi adzan. Mengecewakan. Sekarang malah semakin sering terjadi muncul iklan dan harus restore setiap saat. Sangat mengecewakan",,,
14965b56-2bf4-4b5b-ab58-34f764221d39,Muslim Pro: Quran Athan Prayer,2,id,>100M,1-2,Macam mana nak dpt refund balik? Duit dalam bank dah kena potong tp payment tak dpt katanya. Terima kasih.,,,
0c54bfb7-6980-4c8c-a377-5adee5f33c14,Muslim Pro: Quran Athan Prayer,1,id,>100M,1-2,"Arah Qiblat, salah lps cube wat arah kiblat kt dlm masjid",,,
e8e15579-3170-425f-af59-9dbb266ab5e7,Muslim Pro: Quran Athan Prayer,2,id,>100M,1-2,Tak ada suara adzan di perangkat xiaomi resmi 3 dan resmi Note 3,,,
87b566e1-30d2-4012-ad04-594446b9b8d5,Muslim Pro: Quran Athan Prayer,1,id,>100M,1-2,give back my money.dont just deduct from my account.mcm ni ke cara merompak duit orang?? saya tak nak melanggan pun tapi dipotong terus dari akaun bank,,,
0c618fc4-c08b-431b-9b72-cefecf742b99,"Wemu: WeMuslim, Athan&Qibla",1,ar,>100M,1-2,تطبيق سيء ويدمر جهازك بالاشعارات واذا أردت أن تقفلها سيتم فشخ الموبايل بالاعلانات.,,,
dd39c8b2-7346-49f0-95f3-5bd163a22888,Muslim Pro: Quran Athan Prayer,1,id,>100M,1-2,"isinya cuma iklan, sama sekali gabisa dipakai saking banyaknya, setiap klik muncul iklan yang harus menunggu, ga logis",,,
9a60556a-0a35-4816-b4b2-002c30e858c4,Muslim Pro: Quran Athan Prayer,1,id,>100M,1-2,Kurang srek skrg am aplikasinya Dikit2 iklan mau baca quran iklan mau liat jadwal sholat iklan mau liat arah qibla iklan Setiap neken iklan...,,,
183fe26d-532b-4165-8029-8172702633bb,Muslim Pro: Quran Athan Prayer,2,id,>100M,1-2,"Widget untuk waktu solat berubah untuk pengguna premium, sangat mengecewakan. Widget melihat waktu solat harusnya dapat diakses semua orang. Muslim pro dikenal dengan kemudahan dan fitur yang sangat beragam. Sayang sekali saya tidak bisa lagi mendapatkan semua kebutuhan ibadah dengan aplikasi Muslim pro.",,,
855e0faa-14b3-4808-9845-a3f0614cea2b,Muslim Pro: Quran Athan Prayer,2,id,>100M,1-2,App ini disusupi JIL dan Islam Nusantara. Meh.. Masih byk app lain yg bagus.,,,
483e2f97-2517-485d-8b2f-f5969756a3d8,Muslim Pro: Quran Athan Prayer,3,en,>100M,3,It is so wonderful mashallah but i have problems whith the azan it doesn't alert me it needs me to open the app,,,
d790089f-308b-4fcb-b2a1-42ea2385cdc1,Muslim Pro: Quran Athan Prayer,3,en,>100M,3,When i open it says application error pls fix this .otherwise it's best,,,
c11435f6-7a14-42c6-979a-42bb6c4e13cd,Muslim Pro: Quran Athan Prayer,3,en,>100M,3,Qiblat takes too long to load,,,
3f5181bf-3b46-4e8b-b1b6-309046abdbe1,Muslim Pro: Quran Athan Prayer,3,en,>100M,3,Nice app but the adhan notification is not working on my phone,,,
555bc9ef-7417-4a12-8d63-518e61e2a1db,Muslim Pro: Quran Athan Prayer,3,en,>100M,3,"The azan doesn't play , this problem is recurrent",,,
2f79cc2a-b7f4-49ec-ace3-bf120dbf655f,Muslim Pro: Quran Athan Prayer,3,en,>100M,3,"This app is very useful and I was using it a couple of years ago , but now when I tried to connect to my account , it tell me that there is a problem in connecting and I'm sure of my e-mail and the password . Please fix this problem and try to connect me to my account . Thank you .",,,
1174068a-7ac6-4570-8648-edd5b852ac39,Muslim Pro: Quran Athan Prayer,3,en,>100M,3,"Always find what I'm looking for, but it has too many ads. Too much unnecessary advertising!!!!!!!",,,
a996c495-88e1-4514-ac0d-1a5bde0ffda1,"Wemu: WeMuslim, Athan&Qibla",3,en,>100M,3,"average because I didn't have the opportunity to fully experience the app. I always read some comments, nit all though,before downloading an app. nobody seems to mention that the reciting is in English in my case, not Arabic. I did change the reciter to one who was supposed to read on Arabic but it didn't solve the problem. it might be a bug or me not knowing how to use the app,in any case I wanted to let people now. I personally changed for another app.",,,
268cc97b-950e-4cec-bd76-463f8ed67ae5,Muslim Pro: Quran Athan Prayer,3,en,>100M,3,Looks like some of the inappropriate ads were removed. Lets hope it stays that way.,,,
d4854b8d-da08-4d8f-9a88-84fa7c3b51fd,"Wemu: WeMuslim, Athan&Qibla",3,en,>100M,3,"I have been a user of this app since 2023 and initially, it was great. However, the app has changed for the worse. The new paid subscription is a major drawback, and the ads are no longer suitable for a religious app. I will be deleting the app if these changes are not addressed.",,,
3ad89ea9-7118-455b-9dbf-bda9e27abbce,Muslim Pro: Quran Athan Prayer,3,en,>100M,3,Screen your ads. There's ads for jesus channel shown when i open this app. I mean come on,,,
d62ab19e-2f53-478e-ba37-4c487d96bbe3,"Wemu: WeMuslim, Athan&Qibla",3,en,>100M,3,This app is good I used this app last one year but now because of some app problems when I delete this app and after sometime install and sign in again this app all deta is gone its shown that I have to complete the task from level 1,,,
b62af391-163b-49af-aa48-f0501b32339c,Muslim Pro: Quran Athan Prayer,3,en,>100M,3,Why do they need my location? Why do they need my call information? I'd expect better from an apparently muslim-run app,,,
4f355604-365e-4bd9-84ca-d1bed2950a41,Muslim Pro: Quran Athan Prayer,3,en,>100M,3,"It's an amazing app, but I wish there was a specific section for festivals . All the festivals in detail what to do on these days. mention all the fard and Sunnah. All the duas and ayats to read on these days.. how many rakat of Salah ( mandatory, sunnah, and nafil and all others)... Ramadan is about to come, add a reminder for sehri and iftaaar and so on. Inshort there should be a section for festivals and what to do on those days. Also days like shab e barat ( about them how authentic )",,,
a265eab0-15e6-4608-9777-9a9d46125fa1,Muslim Pro: Quran Athan Prayer,3,en,>100M,3,I enjoy this app of yours but Im not aware when it is prayer times.,,,
8771a152-0df9-40fd-a5a3-d0f184f7aa6d,Muslim Pro: Quran Athan Prayer,3,en,>100M,3,Excellent app but excessive battery drainage,,,
c59e4f00-fdf4-4619-839b-c39ef4e770de,Muslim Pro: Quran Athan Prayer,3,en,>100M,3,You need to control the advertisements. There are nude contents. I got embarrassed in front of others.,,,
3d24ea4c-804d-4830-88d9-72ce9927065d,Muslim Pro: Quran Athan Prayer,3,en,>100M,3,"When I change the Arabic fonts, the title of each surah gets overlap. Even the uthamani script was overlap. Please fix else 5 star. Oh one more thing, it will be great if you can add in dzikir and doa after solat. Then it will be a complete app. Thanks.",,,
608dcca3-f37c-4e58-9a52-839d436bf66b,Muslim Pro: Quran Athan Prayer,3,en,>100M,3,but this app hasn't good compass for finding the Qibla,,,
a2d2c359-8b90-454d-a8cf-e1a3309071f4,Muslim Pro: Quran Athan Prayer,3,en,>100M,3,It has no info where to stop when you are reading quraan and annoying ads,,,
5e78b024-41d8-4e21-b6a9-04087c5e28eb,Muslim Pro: Quran Athan Prayer,3,id,>100M,3,Kenapa teda azan biarpun sdh sya ksih notification teda jgak keluar azan?,,,
aced9949-b71f-4848-a700-3d678e393a81,Muslim Pro: Quran Athan Prayer,3,ms,>100M,3,selalu tak bunyi azan. padahai dah set,,,
875ec425-f54a-4c5d-b714-c9f2c4c1ba71,Muslim Pro: Quran Athan Prayer,3,id,>100M,3,"Iklan melulu mau liat adzan atau Al-Qur'an ga bisa² pasti ke iklan itu lagi itu lagi, seperti di paksa dowload",,,
95591e9a-1c65-423b-85b2-ef414cfacdb1,Muslim Pro: Quran Athan Prayer,3,id,>100M,3,banyak ayat al-Quran yang salah... nnt semua dapat dosanya harap bole ubah,,,
08350bcd-514a-4ad1-9f53-9db7fb09f08c,Muslim Pro: Quran Athan Prayer,3,id,>100M,3,Kenapa ya Sy punya Azan bunyi Xsampai 5 saat je..x Azan penuh..puas dah setting tp masih sama jgk.,,,
b8de6515-21d5-450f-932c-f25f78278b3a,Muslim Pro: Quran Athan Prayer,3,ms,>100M,3,Setiap kali hendak baca Al-Quran. muka surat tetiba pergi ke permulaan.,,,
cf52b377-a4ec-4b75-b0d7-f6e9b967b533,Muslim Pro: Quran Athan Prayer,3,id,>100M,3,"Murotal surah2nya seriing bangett rendownload, kenapa yaa?? Padahal penyimpanan saya masih banyak Oya terus ini kan app Muslim, harusnya iklannya lebih difilter lagi dong sesuai theme jugaa makasih",,,
844ac245-5950-4224-a902-ac6f36e939d5,Muslim Pro: Quran Athan Prayer,3,ar,>100M,3,"ملاحظة وجود خطأ في تفسير القرآن سورة التوبة الآية رقم 129 "" وهو وصف الله عز وجل بأعظم المخلوقات وهذا لايجوز بوصف الخالق بالمخلوق. ارجو التصحيح فورا.",,,
a0c87048-1dad-4d67-9f02-9d7c6d3cb0ad,Muslim Pro: Quran Athan Prayer,3,ms,>100M,3,knpa bla dh masuk wktu azan x bunyi,,,
1c77f52b-5880-4a15-b272-96338297d12b,Muslim Pro: Quran Athan Prayer,3,id,>100M,3,Bagus aplikasinya..menarik..iklannya juga ruarrr biasa banyak..iya sih untuk biaya produksi...bisa diterima ..namun terkesan sudah jadi bisnis seperti aplikasi lainnya ...jadi lillahi taala nya untuk kepentingan umat spertinya jadi nomor ke 100..atau mungkin ke 1000..???,,,
bdba8384-ebbf-4b33-af9d-0d272941fe42,Muslim Pro: Quran Athan Prayer,3,ar,>100M,3,الإعلانات كثيره في تطبيق للقرآن الاذان يؤذن عند لمس الموبيل في توقيت بعد الصلاه بفتره,,,
6ebb900d-05b6-42ca-ac50-19e47a7bb0d4,Muslim Pro: Quran Athan Prayer,3,id,>100M,3,"Notifikasi adzan kenapa ga aktif ya, padahal di setting sudah diatur agar adzan nya bersuara",,,
2eeb785f-1c6d-4098-ad64-94d958684c19,Muslim Pro: Quran Athan Prayer,3,ms,>100M,3,Azan selalu tak kluar on time then berhnti tibe2 .. lepas tu bile dah brbunyi susah nak stop .. kene stop sndiri ..,,,
574c799d-7530-4bf4-aacf-e2c35b12f6f6,Muslim Pro: Quran Athan Prayer,3,id,>100M,3,"setelah update ke versi 15.8.5, beberpa fitur tidak nyaman: 1. notifikasi jadwal sholat musti di swipe 2. banyak widget baru tapi gak penting, terlalu idealis uiux 3. widget jadwal sholat yg saya rasa yg paling penting sekarang tidak ada lagi untuk free. jika tidak ada perubahan bakal pindah ke app yg lain sih.",,,
2645dfff-c700-4242-97db-1d8ce444c664,Muslim Pro: Quran Athan Prayer,3,id,>100M,3,"tolong di perbaiki tulisan latin dari ayat al quran, saya temukan berapa tulisan di surah maryam yang tidak pas dengan tulisan arabnya.",,,
2939c370-7c5e-47a6-886e-e3035667374f,"Wemu: WeMuslim, Athan&Qibla",3,ar,>100M,3,يحتاج الي إمكانية تفسير الآيات,,,
c6e04709-3ef4-4ddd-9187-7ff33eef1712,Muslim Pro: Quran Athan Prayer,3,id,>100M,3,alhamdulillah sangat membantu shalat kami dimanapun berada,,,
5d19d253-54ed-4bef-97db-55a7496b346d,Muslim Pro: Quran Athan Prayer,3,id,>100M,3,"Sudah beli premium ko gagal padahal sdh dibayar, warning: tidak bisa terhubung ke google play store, error code:0 Tolong follow up",,,
781ad49e-d1c3-4d3f-9ffc-574405053ee3,Muslim Pro: Quran Athan Prayer,3,ms,>100M,3,Kenapa tiada bunyi azan pun,,,
7b6c4458-7056-455e-a8d9-515557b43bb0,Muslim Pro: Quran Athan Prayer,3,id,>100M,3,Setelah di update malah ga karuan,,,
c5090423-d546-4f96-bf01-148dd19e2c2e,Muslim Pro: Quran Athan Prayer,4,en,>100M,4-5,please fix some inappropriate ads that constantly appear..,,,
8de98578-8148-4196-8f80-a59737cd1e2e,Muslim Pro: Quran Athan Prayer,5,en,>100M,4-5,This is really a helpful app,,,
2891f0f7-236c-4df9-9f00-58d8e42c459a,Muslim Pro: Quran Athan Prayer,5,en,>100M,4-5,I LOVE THE MUSLIM PRO APP THIS IS VERY GOOD APP AND THANKS FOR THE UPDATE,,,
861a59eb-b569-4672-b267-30ef929b033c,Muslim Pro: Quran Athan Prayer,5,en,>100M,4-5,Its very good and works everywhere,,,
edeb6e1d-024a-42ea-8b94-37ff1242e9a4,Muslim Pro: Quran Athan Prayer,5,en,>100M,4-5,Very good and very useful app,,,
4b608a2f-18a7-40af-befe-d538b0db21dd,Muslim Pro: Quran Athan Prayer,5,en,>100M,4-5,Good for quran and other,,,
89047f57-bfa6-40cc-b596-28789e6bbfc0,Muslim Pro: Quran Athan Prayer,5,en,>100M,4-5,One the best apps Jazakomollah...,,,
78c15ede-3cb5-461a-9158-c6b91c8cfc93,Muslim Pro: Quran Athan Prayer,5,en,>100M,4-5,Masha Allah very good aap.,,,
1cee0c6a-8173-4de3-a1c8-6fac0e285bc3,Muslim Pro: Quran Athan Prayer,5,en,>100M,4-5,"can't find surah al rukyah ,, someone please help me ... i don't know how to use this app",,,
06ff9b78-bd4c-48ec-b64e-72fabc69b7b5,Muslim Pro: Quran Athan Prayer,5,en,>100M,4-5,Masha Allah. Best Application. please can you add more Athan for free download.,,,
ee006536-1344-48ad-834a-1ed14d27e00c,Muslim Pro: Quran Athan Prayer,4,en,>100M,4-5,"Remove the ads and make a donation tab instead, please. Also, why Sheikh Mishari Rashid Al-afasy and Abdul Basit Abdul Samad has the Saudi Arabian flag? These two I recognized right away and they are not from Saudi Arabia, the 1st is from Kuwait and the 2nd is from Egypt. Please correct this as us Muslims keep accurate track of each person and where he transcends from.",,,
f3d52051-f315-41fa-ba70-1fb06993b603,Muslim Pro: Quran Athan Prayer,5,en,>100M,4-5,"First I would like thanks to developers,,,Nice aap but..ads are disturbing... please solve this issue as soon as possible....",,,
d0f522fb-a60e-4c1f-bf80-2f18018c6fea,Muslim Pro: Quran Athan Prayer,5,en,>100M,4-5,My new favourite pastime app.,,,
9dd11c3d-0266-4a89-9b40-69631e9fef1a,Muslim Pro: Quran Athan Prayer,5,en,>100M,4-5,I would say one word that's Alhamdhullilah for the superb App,,,
9a701d69-0e2f-41a2-b335-70f1aafcfb8f,Muslim Pro: Quran Athan Prayer,5,en,>100M,4-5,I rely liked cause it helps more,,,
1d68561c-f0f7-4fa7-bbfa-584c6ee3c256,Muslim Pro: Quran Athan Prayer,4,en,>100M,4-5,"Salám developer team. Can you please take a look on my issue I am having a message saying, you have Quran reading plan do you want to continue which I need to say no each time I open the surah. I did all the settings needed but it is not gone :(",,,
9b6c3fce-19ef-4007-b3e3-0ccdbfa33c55,Muslim Pro: Quran Athan Prayer,5,en,>100M,4-5,Very good app. Masha Allah,,,
c1205248-58ce-4d5c-b4b2-2b02e1a42bf6,Muslim Pro: Quran Athan Prayer,5,en,>100M,4-5,Excellent App for everyday life as many benefit from the Qur'an recitation and Duas.,,,
9d03a04f-b4b0-4613-a979-bb14b431c034,Muslim Pro: Quran Athan Prayer,5,en,>100M,4-5,It us excellent for us Muslims,,,
893c4f0e-4202-47a8-839e-81827887f62b,Muslim Pro: Quran Athan Prayer,5,en,>100M,4-5,Excellent app for all Muslims brother and sisters,,,
08cdbe0f-a6a6-4178-8714-557e2500227e,Muslim Pro: Quran Athan Prayer,5,ja,>100M,4-5,HELP ME TO KNOWS TIMES OF SALAT THANK YOU,,,
ec0519e2-6afd-4951-ab8b-b23ebf942e92,Muslim Pro: Quran Athan Prayer,5,id,>100M,4-5,"Luar biasa, semoga yg membuat aplikasi mengalir terus pahalanya",,,
4b800fdf-39d4-446f-9e8c-c41962ac4642,Muslim Pro: Quran Athan Prayer,5,hi,>100M,4-5,बहुत ही अच्छा एप्प है। आयत को बिना तर्जुमा किये हिंदी में लिखने की ज़हमत करें। हम जैसे लोगों को पढ़ने में आसानी होगी।,,,
41f6b2c9-1028-4eb4-9df7-19dc49b17675,Muslim Pro: Quran Athan Prayer,5,ur,>100M,4-5,اللہ پاک جزائے خیر دے، آمین,,,
12e1761d-24c8-4bad-a35a-f289fdaf17a6,Muslim Pro: Quran Athan Prayer,5,ar,>100M,4-5,خمسه نجوم،نرجو اضافه اذكار الصباح والمساء وقبل النوم,,,
185e4b64-5fde-4a16-8154-080d49afe0b1,"Wemu: WeMuslim, Athan&Qibla",5,bn,>100M,4-5,মাশাআল্লাহ আলহামদুলিল্লাহ খুবই ভালো লেগেছ,,,
c214848f-e9fb-4f61-ad69-c567f2dfb3cf,Muslim Pro: Quran Athan Prayer,5,id,>100M,4-5,Mantap dan sangat bagus untuk beribadah,,,
46bd2ade-8a49-47a5-85b5-b07be362de21,Muslim Pro: Quran Athan Prayer,5,id,>100M,4-5,Terimakasih ..berguna banget buat saya yg lagi jauh dari rumah.,,,
90734c63-f43d-4e96-8e6f-495d47126960,Muslim Pro: Quran Athan Prayer,4,id,>100M,4-5,"App ini adalah yg terbaik dan mudah digunakan, semoga maju jaya dengan app ini.",,,
8f241df3-f91e-4e4c-bbc0-08a88955e80a,Muslim Pro: Quran Athan Prayer,5,id,>100M,4-5,"Semoga developer applikasi ini dapat di mudahkan segala urusannya oleh allah dan tolong di perhatikan tiap tajwid, karena ada beberapa yang dempet. Overall awesome application ever. Assalamualaikum",,,
ee66a64c-9b63-42dc-9e1e-3b0db2dc58bf,Muslim Pro: Quran Athan Prayer,5,ja,>100M,4-5,"BEAUTIFUL,JUST BEAUTIFUL AND I LOVE IT VERY MUCH. THANK YOU FOR THIS AND MAY ALLAH...(swt)BLESS AND PROTECT YOU...AMIIN.",,,
b6dd3614-a4aa-439d-90bf-f4424d5ae43a,Muslim Pro: Quran Athan Prayer,5,id,>100M,4-5,Klo bisa ada menu kumpulan hadist shahih,,,
4122118e-7c7e-4625-9215-4f44dfc15d0d,Muslim Pro: Quran Athan Prayer,5,id,>100M,4-5,Alhamdulillah. There is one apps that handy and easy to use. Syukur Alhamdulillah. Sangat membantu Dan semoga app team ini diberkati Dan dipermudahkan segala urusan yg balik. Insyaalah.,,,
4cf7de49-ed86-45f8-a9a1-8009b424d598,Muslim Pro: Quran Athan Prayer,5,id,>100M,4-5,Nabi ditanya apakah amalan yang terbaik.nabi menjawab 'solat diawal waktu'.,,,
f845beb2-c385-4dd1-9e83-c4dbe4b76042,Muslim Pro: Quran Athan Prayer,5,id,>100M,4-5,"Senang digunakan , panduan tajwid juga disertakan bagi memudahkan untuk rujukan ..Terimakasih kerana menyediakan aplikasi ini.",,,
6b215f3c-6e1f-4e97-bf3d-57d345a7ba98,Muslim Pro: Quran Athan Prayer,5,id,>100M,4-5,Top! Selalu bisa ngingetin sy utk beribadah ;),,,
665fd1cd-ec73-41bc-8398-270e59f72576,Muslim Pro: Quran Athan Prayer,5,id,>100M,4-5,"Aplikasi yang sangat membantu, jazakallah",,,
002f7753-d241-404a-abea-1ebd39d540f2,Muslim Pro: Quran Athan Prayer,5,ar,>100M,4-5,اللهم اجعلها في مزان حسناتكم يا الله,,,
cb11d70d-738f-407b-83e7-d18f83efbf13,Muslim Pro: Quran Athan Prayer,5,id,>100M,4-5,"Bagus, dengan ini saya lebih tahu waktu waktu solat dan saya boleh berlajar alquran di waktu lapang saya, saya suka kan nya, That for you 5",,,
0dcc9eff-800c-4199-b5e5-048dfdd59a14,Muslim Pro: Quran Athan Prayer,5,id,>100M,4-5,Aplikasi ini sangat membantu untuk ramadhan tahun ini,,,
383af555-0ca1-4bf6-b3fa-5b0192bb27ce,Muslim Pro: Quran Athan Prayer,5,en,>100M,4-5,if you are Muslim this app is for you please download it right now,,,
c11a129c-892b-441a-92bb-a553104247da,Athan: Prayer Times & Al Quran,5,en,10M-100M,4-5,It has really helped me with my prayers and getting aligned with Allah once again,,,
5af37b39-6233-4f3e-a3a1-2c21846252c8,iPray: Prayer Times & Qibla,5,en,1M-10M,4-5,The only issue i had is the volume of fajr prayer azaan sounded too loud as its very quiet in the morning with no sound pollution i woke up to it and it unsettled me for 5 minutes. It should start with very low volume and start increasing volume after 2 sentences. Apart from this such a nice widget to have on home screen shows which prayer is active and the notification bar shows how much time left until next prayer. Really useful as a prayer time widget well designed also qibla compass works.,,,
2db000ec-a951-4199-a6c9-d700a8b897da,Athan: Prayer Times & Al Quran,5,en,10M-100M,4-5,The most astounding athan apps.,,,
0e9ec9a0-9624-4a1a-bd80-ca45ea6e458e,صلاتك Salatuk (Prayer time),5,en,10M-100M,4-5,The best App ever. It has all the needed features Baraka Allah fekom. I would even give you 100 not only 5 stars,,,
5bda30f1-e2be-4009-ba55-c334e1ff823e,Athan: Prayer Times & Al Quran,4,en,10M-100M,4-5,"The app is great and I've been using it for many years now. But I noticed since the latest update, the prayer schedule for each month hasn't been available. It only shows it on a week by week basis. I rather liked having the monthly schedule since it helps me plan my weeks in advance.",,,
05162690-57f7-473a-8f01-dfef4d7f9e68,Muslim Pro: Quran Athan Prayer,1,ar,>100M,1-2,نجمه وحده وما يستاهلها كل ما ادخل خانه اعلان اعلان اعلان ادخل التطبيق ابي اشوف كم باقي على الآذان يطلع اعلان تدخل خانة اللي فيها اوقات الأذان اعلان اقل شيء نص دقيقة وما يمديك تتخطاه، اعرف تحتاج فلوس علشان تطول التطيبق بس ما تخليه اشتراك لو اقدر اشتريه مرة وللأبد كان ممكن أفكر الحين حذف بدون رجعه <>ماكس,,,
53d44ef2-28e8-48d2-bd5b-0b69dccb5e03,Muslim Bangla Quran Hadith Dua,5,en,1M-10M,4-5,Alhmdulillah this app is so cool...,,,
02dff794-91b0-4675-b640-b4ba1f0f0254,Pillars: Prayer Times & Qibla,5,en,<1M,4-5,"I love that the tracker includes option to pause for women. The minimalist design is beautiful. Even fast tracker it would be great if adhan notifications get paused too, so you don't have to silent each prayer individually and then set notifications again for each prayer",,,
c3690854-7553-467b-8453-99ea22a94ae5,Prayer Times - Qibla & Namaz,5,en,1M-10M,4-5,Mashallah keep it up! great app ! need to add daily targets would have made it more than perfect!,,,
7fe95daf-c869-4bde-9efb-7ff8035de9fc,Muslim Pro: Quran Athan Prayer,4,en,>100M,4-5,"It's a very good app, but it'll get better if it has hadith features in it, because I can't find it anywhere.",,,
e6702e85-0df4-4a14-986c-734d7675f1fd,Athan: Prayer Times & Al Quran,5,en,10M-100M,4-5,Best app but too much ads so I uninstalled it after trying this.,,,
ffa2bd5c-f4ce-4c33-af24-4369795633ff,Prayer Times and Qibla,1,en,1M-10M,1-2,Bad app can't even hear the alarm alert,,,
5a5aa1c0-d8bc-4377-9d19-0084eac9243d,"Wemu: WeMuslim, Athan&Qibla",5,id,>100M,4-5,app terbaik yg baru pertama kali saya cuba,,,
2ea1fab6-0e69-4538-b54b-562b700020d1,Muslim Pro: Quran Athan Prayer,4,ms,>100M,4-5,"Setakat ini memuaskan, namun boleh dperbaiki & perbanyakkan lagi info & perkongsian ilmu agama.",,,
58f06c0b-5109-47cd-a43c-6f82c40c1574,صلاتك Salatuk (Prayer time),2,en,10M-100M,1-2,"This latest update is terrible, I dont even recognize the app any more. FYI: I use Android v10. Please restore this app to how good it used to be so that I can use it again.",,,
ef83953d-75a0-42dc-8058-42b6ed7b9579,Muslim Pro: Quran Athan Prayer,5,en,>100M,4-5,Super app but more ads in app,,,
cb5d1819-508a-4ed1-b2cf-870b40ab4f59,Athan: Prayer Times & Al Quran,5,en,10M-100M,4-5,Veey good app very use full,,,
d75c2f36-17ce-4836-9b9b-b7ae20ff3ff0,Muslim Pro: Quran Athan Prayer,5,ar,>100M,4-5,جزاهم الله خيرا عن هدا المشروع الناجح المتكامل,,,
7b9503ee-2178-455b-b51a-e56d47a032bb,Muslim Pro: Quran Athan Prayer,5,en,>100M,4-5,Subhana Allah I can describe what this website have for Muslims . Now the timetable of salaat is quite sure with Hadhan who remained you that time of salaat is there and the QURAN . I believe that the people who make this website if there are Muslim the will going to be rewarding a very rewards level of reward if ALLAH ( SWT ) wish who many people make them DUA . And I was the few people who joined them first if I wasn't the first and I make them Dua for them .,,,
