reviewId,app_name,predicted_aspect,triggering_sentence,predicted_sentiment,match_method,is_request,score,gold_aspect_correct,gold_aspect_true,gold_sentiment,gold_is_request,annotator,content_en
9221d278-7f49-4be1-9ef6-84ecb06d7b7f,Muslim Pro: Quran Athan Prayer,adhkar,Jazak Allahu Khayran team Muslim Pro!,Positive,zero-shot,FALSE,5,0,,Positive,0,,
b5305cab-ac84-407c-851b-5d32a007b07a,Muslim Pro: Quran Athan Prayer,adhkar,"Very beneficial app, only thing i would suggest is being able to add duas to favorites so its quiker to access.",,lexicon,TRUE,5,1,,Negative,1,,
f558451f-0025-4075-938c-47fb9d0beb3d,Muslim Bangla Quran Hadith Dua,adhkar,Jazakallahu Khairan for the developers team.,Positive,zero-shot,FALSE,5,0,,Positive,0,,
ebbfc4de-7bca-4eca-80d6-324864d70bf1,Prayer Times - Qibla & Namaz,adhkar,Dawate islami teri dhoom machi that,Negative,zero-shot,FALSE,5,0,,Positive,0,,
46e39d7a-bdd8-489e-b02f-a17d5eb66112,Muslim Pro: Quran Athan Prayer,adhkar,And wake up and sleep Duaas!!,Positive,zero-shot,FALSE,5,1,,Neutral,1,,
4a2a6499-dc04-4041-ac06-8c4da5333334,Muslim Pro: Quran Athan Prayer,adhkar,"Always up to date , especially during the Holy Month of Ramadan the supplication helps a lot.",Positive,lexicon,FALSE,5,1,,Positive,0,,
c8a1da97-b75d-48ff-80d6-8778481519fe,Muslim Pro: Quran Athan Prayer,adhkar,Jazak Allah Khair,Positive,zero-shot,FALSE,5,0,,Positive,0,,
a5276571-c4e9-4d02-b083-0cf62a88fb08,IslamApp: Prayer times & Athan,adhkar,Al Hamdu Lillah Rabbil Alamin,Positive,zero-shot,FALSE,5,0,,Neutral,0,,
4ab5ab21-9037-4052-8deb-d49764e334dc,Muslim Pro: Quran Athan Prayer,adhkar,"My only problem is in dua section there is ""At times of Amazement Dua"" and you wrote Subhaanallah.",Negative,lexicon,FALSE,3,1,,Negative,0,,
b3dcb402-7586-4b89-9851-64db83983dba,Muslim Pro: Quran Athan Prayer,adhkar,Assalamualaikum wa Rahmatullah...,Positive,zero-shot,FALSE,2,0,,Neutral,0,,
4d5b1d08-7b18-4365-80ad-b5a96dbd935c,Prayer Times - Qibla & Salah,adhkar,Shams Ul Deen Islam.,Negative,zero-shot,FALSE,5,0,,Neutral,0,,
cbe9337f-2f7e-4b7e-93ae-2f2f4cbc150d,Muslim Pro: Quran Athan Prayer,ads_intrusive,Ads don't let you find easily.,Negative,lexicon,FALSE,3,1,,Negative,0,,
20c43a5e-9724-4901-88cc-5f67dab24ec1,Muslim Pro: Quran Athan Prayer,ads_intrusive,"Smooth and perfect ,my Muslim brothers and sisters please download this app it's just awesome and has everything you need and it doesn't have errors and lesser ads comparing other apps, just perfect and the compass it smooth",Positive,lexicon,FALSE,5,1,,Positive,0,,
6096ed85-9482-48a4-bc9a-e7b81a6da492,Prayer Times - Qibla & Namaz,ads_intrusive,Using it for around 3 yrs and it's really helpful and also it's without ads,Positive,lexicon,FALSE,5,1,,Positive,0,,
f0ef5c68-d8a9-4db4-be7b-cd068d476dde,صلاتك Salatuk (Prayer time),ads_intrusive,It's a good app MashAllah...and the best part is that there are no ads.,Positive,lexicon,FALSE,5,1,,Positive,0,,
38228177-7281-4dd0-834a-503dc3c40f9f,Athan: Prayer Times & Al Quran,ads_intrusive,But the ads are too much especially when my cellular network is switched on,Negative,lexicon,FALSE,5,1,,Negative,0,,
2a28db61-5e2a-4b10-ae5a-cc11a54dca2e,Muslim Pro: Quran Athan Prayer,ads_intrusive,good yet still too much ads,Negative,lexicon,FALSE,4,1,,Negative,0,,
3526d64c-d9b5-4818-830f-68ab1d0e3a48,Muslim Pro: Quran Athan Prayer,ads_intrusive,They exploit Islam for the embassy and advertising,Negative,lexicon,FALSE,1,1,,Negative,0,,
c32d2574-ea66-48a4-9d1b-fed1cdd0ae88,Muslim Pro: Quran Athan Prayer,ads_intrusive,It's a shame that in the last 2 years or so they haven't been rigorous in their ad restriction.,Negative,lexicon,FALSE,2,1,,Negative,0,,
b4ba06da-eec2-4543-85e1-9ded8d6731d4,Muslim Pro: Quran Athan Prayer,ads_intrusive,"So many ads , mostly entertainment industry .",Neutral,lexicon,FALSE,1,1,,Negative,0,,
b31357c4-fdf5-4ea8-8db3-da82e21b191b,Muslim Pro: Quran Athan Prayer,ads_intrusive,"I know you need ads for the profit purpose but it is really disheartening to see ads of 18+ apps on your app. || I was reading Quran and suddenly the ad of Tami Pro came, it is disgusting.",Negative,lexicon,FALSE,3,1,,Negative,0,,
bc241152-66ee-42f3-982e-9974b1a39e3e,Muslim Pro: Quran Athan Prayer,ads_intrusive,"Some of the ads are deceptive and once you subscribe to any of their services or other apps,it is diffucult to unsubscribe",Negative,lexicon,FALSE,3,1,,Negative,0,,
d0a687c9-06ba-4d56-b33f-3472e98ad939,iPray: Prayer Times & Qibla,calc_method,And thank you for not forcing the bedha of 18°&15° for fajr calculation on us.,Negative,lexicon,FALSE,5,1,,Positive,0,,And thank you for not forcing the bedha of 18°&15° for fajr calculation on us.
beeb95c7-bbcf-490f-a7b8-796ad2ef8bde,Pillars: Prayer Times & Qibla,calc_method,How come there isnt a prayer calculation method for KSA i.e. method based on Ummul Qura?,Neutral,lexicon,FALSE,4,1,,Neutral,0,,
e51c8284-505b-4200-97f9-35782dd6caf7,Athan: Prayer Times & Al Quran,calc_method,.thank you for the developpers for this since most of Europe are praying aishaa before time ...thank you again your timetable is very accurate with Muslim world league.,Positive,lexicon,FALSE,5,1,,Positive,0,,
278b2f74-332f-4645-9571-7a2029d7ae80,Prayer Times - Qibla & Namaz,calc_method,This could be a bug in calculation of prayer timing or issue in calculation model.,Negative,lexicon,FALSE,4,1,,Negative,0,,
da04d410-68c9-4995-989b-7d18b6169ff0,Muslim Pro: Quran Athan Prayer,calc_method,"Depuis le changement d'heure, j'ai un décalage d' 1h (+1h) sur les heures de prières malgré que j'ai paramétré mon téléphone en mode automatique.",Negative,zero-shot,FALSE,1,0,prayer_times_accuracy,Negative,0,,"Since the time change, I have a delay of 1 hour (+1 hour) in prayer times even though I have set my phone to automatic mode."
482b0d06-d8f5-4bcd-b1d5-a365817f011e,"Sajda: Prayer Times, Quran",calc_method,assalamualaikum_warahmatullahi_wabarakatuh I think I've found a bug: when I choose hanafi asr calculation method it says 14:45 but when I choose other ones it says 14:50,Negative,lexicon,FALSE,5,1,,Negative,0,,
bc4f0d9e-c48a-4af4-929c-9213ff64d218,Athan: Prayer Times & Al Quran,calc_method,In website it's showing 5.29 for Bangalore where as in the app it's 5.13 with Karachi method.,Neutral,lexicon,FALSE,5,1,,Negative,0,,
8a651c7f-75da-4b74-857d-b0a057560bf8,Pillars: Prayer Times & Qibla,calc_method,Calculation method in Indonesian please,Neutral,lexicon,FALSE,5,1,,Neutral,1,,
ada49f35-d498-4d03-88d8-a2982ed4c877,صلاتك Salatuk (Prayer time),calc_method,"It's such a great feature to auto detect the city you're in and change prayer times automatically, however I'm giving the app a one star rating only because it disregard some Muslim sects and does not support their prayer time nor the calculation method.",Positive,lexicon,FALSE,1,1,,Mixed,0,,
a9912bd6-12f8-4983-bccd-deb082c5c1e2,Muslim Pro: Quran Athan Prayer,calc_method,"And during this last Ramadan, it changed the default calculation method or something and fajr jumped to 20 minutes earlier.",Neutral,lexicon,FALSE,2,1,,Negative,0,,
eac75749-68cc-4ae1-bb9e-6b80e1293b38,صلاتك Salatuk (Prayer time),calc_method,"Thank you for your efforts but It's the best to put the Egyptian athan ,, like abdulbaset abdulsamad athan",Positive,lexicon,FALSE,3,0,reminders_adhan,Neutral,1,,
5cc030cf-c9f2-4d84-9855-f5989a8e95d2,Muslim Pro: Quran Athan Prayer,calendar_sync,Make me always remember the praying time,Positive,zero-shot,FALSE,3,0,prayer_times_accuracy,Positive,0,,
26189cbf-0ed1-4e4a-befd-98fa5563c5d6,Pillars: Prayer Times & Qibla,calendar_sync,but plz add islamic calendar in app.,,lexicon,TRUE,5,0,,Neutral,0,,
205317ed-c082-474a-9279-3cff78a943e2,"Prayer Time, Azan Alarm, Qibla",calendar_sync,so helpful in reminding time for prayers,Positive,zero-shot,FALSE,5,0,reminders_adhan,Positive,0,,
9220ee8f-428c-426e-b78d-c5762c934f6f,Athan: Prayer Times & Al Quran,calendar_sync,Making me on time with my prayers,Positive,zero-shot,FALSE,5,0,reminders_adhan,Positive,0,,
27749b84-b870-4958-b0bd-f7db08b4b4dc,Prayer Times - Qibla & Namaz,calendar_sync,How can we change islamic date in this app.,Neutral,zero-shot,FALSE,2,0,,Neutral,0,,
dab409d4-c142-41a6-b4b9-a680f623a5b1,Muslim Pro: Quran Athan Prayer,calendar_sync,good app only problem quoran and khatam don't sync .,Negative,lexicon,FALSE,4,0,quran_audio,Negative,0,,
de1f93bc-7307-464b-bb49-7738881abbed,Muslim Pro: Quran Athan Prayer,calendar_sync,While reciting the Quran in some places there is a non sync between audio & video.,Negative,lexicon,FALSE,5,0,quran_audio,Negative,0,,
2d15ccee-2258-481f-be7f-62bdb43a8030,Muslim Pro: Quran Athan Prayer,calendar_sync,Its help me to know our times of prayer to be on the time.,Positive,zero-shot,FALSE,5,0,reminders_adhan,Positive,0,,
abb49aab-56b8-4c9c-aa0c-fa5e63f93b8d,صلاتك Salatuk (Prayer time),calendar_sync,1 Request : To add Islamic events calendar notification.,,lexicon,TRUE,5,0,,Neutral,0,,
56a8ca4e-cc95-435b-a81b-08fcaa10ecfb,صلاتك Salatuk (Prayer time),calendar_sync,Include an option to view calendar with salat times.,Neutral,zero-shot,FALSE,2,0,table_format,Neutral,0,,
7cd2a4eb-4342-44f2-baf2-cd496b4df45b,صلاتك Salatuk (Prayer time),calendar_sync,It's help me and remember me for the prayers time,Positive,zero-shot,FALSE,5,0,reminders_adhan,Positive,0,,
568476c8-712b-47ae-8f83-0474259062bf,Muslim Pro: Quran Athan Prayer,companion_hardware,"This is very new and unusual, could please look into this.",Neutral,zero-shot,FALSE,4,0,,Positive,0,,
9324a080-9e46-4b9b-9a0f-6bf3e1b59431,iQIBLA Life,companion_hardware,Had to rebind my ring.,Negative,lexicon,FALSE,4,1,,Negative,0,,
fa72699e-9c44-4578-94c8-c9d8cd70ef37,Muslim Pro: Quran Athan Prayer,companion_hardware,This is are best friends.,Positive,zero-shot,FALSE,5,0,,Positive,0,,
bf02851f-7a68-4524-8fa0-2e82aa92b820,Muslim Pro: Quran Athan Prayer,companion_hardware,But why can't I restore my data from my old device to the new one??,Negative,lexicon,FALSE,3,0,privacy_data,Negative,0,,
06f382a5-f4d1-4a2f-a7b1-98782b677a18,Prayer Times - Qibla & Salah,companion_hardware,I love it!,Positive,zero-shot,FALSE,5,0,,Positive,0,,
e4b27f0c-0ce4-4577-b0d2-3976f7627633,iQIBLA Life,companion_hardware,Bluetooth ok but sometimes it's difficult to connect.,Negative,lexicon,FALSE,5,1,,Mixed,0,,
b4eedd6c-43cd-4b5b-bec0-b0457060ca16,صلاتك Salatuk (Prayer time),companion_hardware,"ادق تطبيق في حساب الصلاة حتى اني اشتريته على متجر ابل اتمنى ان يكون هناك تطبيق للساعات الذكية Wear os, Watch OS ولكم الاجر ان شاء الله يا ريت لو نشوف دعم للNow Bar على نظام One Ui 7",Positive,lexicon,FALSE,5,0,prayer_times_accuracy,Positive,1,,"The most accurate application for calculating prayer, I even bought it on the Apple Store. I hope there is an application for smart watches, Wear OS, Watch OS, and you will be rewarded, God willing. I hope we see support for the Now Bar on the One Ui 7 system."
a1288647-e336-4c05-aeda-29ff5e2a8381,Athan: Prayer Times & Al Quran,companion_hardware,It helps me to focus,Positive,zero-shot,FALSE,5,0,spiritual_affect,Positive,0,,
66a2c0b9-ddfd-4878-9b2c-10e03bf5f2eb,Athan: Prayer Times & Al Quran,companion_hardware,I love it me and my husband have it and its so helpful thank you,Positive,zero-shot,FALSE,5,0,,Positive,0,,
fbb39020-891f-4def-a94c-839ccb5fc9c5,Muslim Pro: Quran Athan Prayer,companion_hardware,Seems qiblat direction not responsive with device,Negative,lexicon,FALSE,4,0,qibla,Negative,0,,
b58c3019-049d-4536-961d-67e6e40ce13d,Muslim Pro: Quran Athan Prayer,companion_hardware,Please include the Kalimas.,Neutral,zero-shot,FALSE,5,0,,Neutral,0,,
a636b1c6-91c4-4956-81fb-42cb0e882c4a,Prayer Times - Qibla & Namaz,complexity_bloat,"Everything is very good in this… Everything is perfect, but I think you should add different language options, like Roman English or simple English, for the translation of Hadith and the Qur'an....",,lexicon,TRUE,5,0,,Positive,1,,"Everything is very good in this… Everything is perfect, but I think you should add different language options, like Roman English or simple English, for the translation of Hadith and the Qur'an...."
7e23a4e8-ecb9-4d25-be18-10c53830bc7e,Athan: Prayer Times & Al Quran,complexity_bloat,"I've recommended this app to my friends and family to download, they love it, and I will continue to tell people about it, before I came across this app, I've download some couple of apps which is so complicated i had to delete all of them.",Positive,lexicon,FALSE,5,1,,Positive,0,,
0fe42d6c-e1b3-422f-b77b-c5e1574ef744,Deen - Islamic App,complexity_bloat,"It’s simple to use, with a clean, clutter-free interface and no annoying pop-ups.",Positive,lexicon,FALSE,5,1,,Positive,0,,"It’s simple to use, with a clean, clutter-free interface and no annoying pop-ups."
cf987c7a-5f22-43db-99bf-50eee27724fd,Athan: Prayer Times & Al Quran,complexity_bloat,Useless app packed with tons of adds,Negative,zero-shot,FALSE,1,0,ads_intrusive,Negative,0,,
5a43a745-b6d6-45c0-9251-e62ab7a2005c,Athan: Prayer Times & Al Quran,complexity_bloat,"The app in addition to it's use in keeping or reminding a Muslim of prayer timing it also helps in outlining simple steps to memorization of holy Quran, and many other vital aspects concerning Muslims such as fasting, charity (Zakkat), hajj etc,",Positive,lexicon,FALSE,5,0,reminders_adhan,Positive,0,,
048e8f5b-1597-4eac-8c69-4a6e5f738cf9,Muslim Pro: Quran Athan Prayer,complexity_bloat,"Now app is working better, but try to understand this isn't tic tok, or twitter, this is Muslim Pro, simple is better!",Positive,lexicon,FALSE,4,1,,Positive,0,,
00e36c8d-ba10-4799-ac89-4e6e2a08251a,صلاتك Salatuk (Prayer time),complexity_bloat,it is very difficult for users,Negative,zero-shot,FALSE,1,1,,Negative,0,,
6520206c-fabf-4e4a-b462-a4716f88048b,Pillars: Prayer Times & Qibla,complexity_bloat,I love the ease of use and the simple design.,Positive,lexicon,FALSE,5,1,,Positive,0,,
27f61242-6cc2-4986-b89e-06c7aac76db9,"Prayer Time, Azan Alarm, Qibla",complexity_bloat,"its a big help for me,for a new muslim is easy to follow the instruction thank you",Positive,lexicon,FALSE,5,1,,Positive,0,,
e54a0683-0ebb-4601-86ae-bb2d081dd6f1,صلاتك Salatuk (Prayer time),complexity_bloat,A simple and Very useful app with accurate prayer time.,Positive,lexicon,FALSE,5,0,prayer_times_accuracy,Positive,0,,
f67792ce-650a-4bc5-aeac-822ef40fcbbc,صلاتك Salatuk (Prayer time),complexity_bloat,Very very good Accurate and simple,Positive,lexicon,FALSE,4,1,,Positive,0,,
db717870-3dcd-4140-b897-18ad3e17c3fd,Prayer Times - Qibla & Namaz,forbidden_times,Plz check fazar Azaan is been called at the sunrise there is some problem with the app.,Negative,lexicon,FALSE,5,0,prayer_times_accuracy,Negative,1,,
503af213-672c-4959-8814-96f2161841a6,Muslim Pro: Quran Athan Prayer,forbidden_times,"Overall it's a very useful app but it would be five star if you add zawal time, ishraq prayer time and chasht prayer time also.",Positive,lexicon,FALSE,4,0,nafl_times,Positive,1,,
ce64edb3-9853-4031-8893-65d1ab8dcb09,Prayer Times - Qibla & Namaz,forbidden_times,Masha Allah Allah kare intna karam tujhpe jahan mein ae dawate islami teri dhoom machi ho.,Positive,zero-shot,FALSE,5,0,,Positive,0,,
7e1cf989-a7b3-414f-bbc5-5f752b4848e7,Muslim Pro: Quran Athan Prayer,forbidden_times,Azan kay name sunrise to pakistan may nhi hota kistarha set krooo tell me,Negative,lexicon,FALSE,5,0,prayer_times_accuracy,Negative,0,,
a4a6af55-8346-48be-ae57-a7b4afcb9e61,Pillars: Prayer Times & Qibla,forbidden_times,Its helpful.Everyday I use PILLARS to know the direction of kaba especially when i'm not at home or in the masjid.Its also beneficial to know the exact time of SUNRISE and SUNSET and the prayers time.,Positive,lexicon,FALSE,5,0,prayer_times_accuracy,Positive,0,,
5bea0106-bd6c-451f-b942-a3e47797d55e,Prayer Times - Qibla & Namaz,forbidden_times,mere mobile vivo y15 pe app sahi terhan se kam nahi kr rahi,Neutral,lexicon,FALSE,4,0,stability_bugs,Negative,0,,
3e6e5624-ae34-4451-ac34-df0e46e39692,Athan: Prayer Times & Al Quran,forbidden_times,Sunrise time not showing in my lg leon,Negative,lexicon,FALSE,5,0,stability_bugs,Negative,0,,
5b5d264a-84dd-4638-80d9-5e0284b073cd,Prayer Times - Qibla & Namaz,forbidden_times,Is app may kisi bhi azan say pehlay durood e pak nahi perha jata na azan k baad perha jata hy. || teesra yeh k is app may islami date sahi nahi hy ayr na he location sahi batata hy isi waja say qibla bhi sahi detect nahi kerta.,Negative,lexicon,FALSE,1,0,stability_bugs,Negative,0,,
d009c46c-0677-4f24-b296-4773c382bad8,"Muslims Day-Prayer, Quran, Dua",forbidden_times,"মাশাআল্লাহ অনেক সুন্দর পরিপাটি একটি অ্যাপ। নামাজের সঠিক সময় , ইফতার ও সহরি সময় এবং নামাজের নিষিদ্ধ সময় জানার জন্য খুবই প্রয়োজনীয় একটি অ্যাপ। আল্লাহ আপনাকে উত্তম প্রতিদান দিন ।",Positive,lexicon,FALSE,5,0,prayer_times_accuracy,Positive,0,,"MashaAllah very nice neat app. A very necessary app to know the exact time of Namaz, iftar and sahri time and forbidden time of Namaz. May Allah reward you well."
9f88b46e-ac71-4dd8-bec3-390cc0c0f0af,Athan: Prayer Times & Al Quran,forbidden_times,Intehai bekar app ek toh namaz timing nahi sahi say dikata sirf start honay ka time bataya qaza kab hoti kuch nahi bataya huwa aur dosra jo sab say behuda cheez hy woh yeh ki andar sara Quran say related aur uper say video ads with music and girls.,Neutral,lexicon,FALSE,1,0,ads_intrusive,Negative,0,,
8ac672c5-80ce-4109-b537-05584966ea97,Prayer Times - Qibla & Namaz,forbidden_times,"As salamo alaikum sir, Please include sunset time in Daily namaz timing.",Neutral,lexicon,FALSE,3,1,,Neutral,1,,
7baff10c-9725-4a87-858e-5775ec00a214,Muslim Pro: Quran Athan Prayer,goal_system,May Allah reward you!,Positive,lexicon,FALSE,5,0,,Neutral,0,,
37f92644-d1dc-48c4-94fd-21138af5463c,Muslim Bangla Quran Hadith Dua,goal_system,"May Allah reward you well, Amen.",Positive,lexicon,FALSE,5,0,,Neutral,0,,
59c007fd-59d3-435d-9bb5-497d4df5725b,Muslim Pro: Quran Athan Prayer,goal_system,I have learn more may Allah rewards you amin,Positive,lexicon,FALSE,5,0,,Positive,0,,
461373e9-21ab-4ed0-a525-cd15baed0b6a,Muslim Pro: Quran Athan Prayer,goal_system,May Allah rewards the application writer.,Positive,lexicon,FALSE,5,0,,Neutral,0,,
a13e6157-a2ec-4209-acca-50e5d10dd636,Muslim Pro: Quran Athan Prayer,goal_system,May Allah reward the manufacturers abundantly.,Positive,lexicon,FALSE,5,0,,Neutral,0,,
33a36a7d-eb7d-41c6-ad46-a5e55debb43a,Muslim Pro: Quran Athan Prayer,goal_system,May Allah SWT bless and reward you all for this amazing app insha'Allah,Positive,lexicon,FALSE,5,0,,Positive,0,,
a3d3f259-505c-49f6-b00f-7f39e7621c91,Athan: Prayer Times & Al Quran,goal_system,"May Allah SWT abide by, abundantly bless, and immeasurably reward y'all in shaa Allah bi qudirati'Lah.",Positive,lexicon,FALSE,5,0,,Neutral,0,,
9d2e0b4f-226b-46c3-9d48-552425413626,Muslim Pro: Quran Athan Prayer,goal_system,جزاک اللہ خیرا۔May Allah Almighty give you its reward i.e. Jannah,Positive,lexicon,FALSE,5,0,,Neutral,0,,May Allah Almighty give you its reward i.e. Jannah
16c3700b-4850-47db-a542-ae715f12e27c,Muslim Pro: Quran Athan Prayer,goal_system,May Allah reward all those involved in making the app.,Positive,lexicon,FALSE,5,0,,Neutral,0,,
c76a5abb-083c-4d81-8016-25b9d7eeba0e,Everyday Muslim - Pray tracker,goal_system,May Allah reward all of u...,Positive,lexicon,FALSE,5,0,,Neutral,0,,
e7d28866-d327-4400-ac4c-19b341a47f98,Muslim Pro: Quran Athan Prayer,goal_system,May Allah gives u more rewards and give success in hakiraa,Positive,lexicon,FALSE,5,0,,Neutral,0,,
53114152-5c70-4f78-8acd-e6614f775e2c,Prayer Times - Qibla & Namaz,guides,It's a superb app to guide muslims,Positive,lexicon,FALSE,5,0,spiritual_affect,Positive,0,,
af46a793-b90b-4f21-86ce-3d051bd26002,Muslim Pro: Quran Athan Prayer,guides,May Allah swt bless and guide your team for the noble and worthy work you are doing for Allah and Islam.,Positive,lexicon,FALSE,5,0,,Neutral,0,,
cce47b60-336a-47ab-9230-586ef9f13bc9,Muslim Pro: Quran Athan Prayer,guides,Very easy to use may Allah blessed and guide you all #Ameen,Positive,lexicon,FALSE,5,0,complexity_bloat,Positive,0,,
2b816655-a4b3-4643-8f36-a83b492c0cbb,Athan: Prayer Times & Al Quran,guides,It guide me to every salat Alhamdullillah,Positive,lexicon,FALSE,5,0,reminders_adhan,Positive,0,,
c8508976-a30b-46de-992e-955ef903277b,Prayer Times - Qibla & Namaz,guides,Everything is good just wanted the team to add one more convenient feature in qaza namaz part so it is convenient for us like please add a feature which will show us our last time when we had made changes in our qaza namaz list so we can remember the last time we have added our qaza namaz performed for better understanding u can refer QAZA GUIDE APPLICATION what i am trying to Say....,,lexicon,TRUE,5,0,,Positive,1,,
a20c0983-191c-44eb-b101-e8a8f413c83f,"Muslims Day-Prayer, Quran, Dua",guides,As a guide for a Muslim it's very helpful.,Positive,lexicon,FALSE,5,1,,Positive,0,,
68d2e9dd-f4fc-42b2-b2a6-4e622772d360,Muslim Pro: Quran Athan Prayer,guides,Informative and useful guide to Muslims we've not had such before this,Positive,lexicon,FALSE,5,1,,Positive,0,,
5a9d9c01-78d0-4174-b03e-1bde6d19ee8c,Athan: Prayer Times & Al Quran,guides,Very nice app you have done very good job Allah guide us all muslim umma to right path,Positive,lexicon,FALSE,5,0,,Positive,0,,
e33af0ad-06be-4c2f-8b34-a330efc74199,Prayer Times - Qibla & Namaz,guides,Especially I am in love with the hajj and umrah guide feature.,Positive,lexicon,FALSE,5,0,,Positive,0,,
fb89966a-19a5-4702-9726-27cf5822465c,Muslim Pro: Quran Athan Prayer,guides,it is my guide now.,Positive,lexicon,FALSE,5,1,,Positive,0,,
48ee7b56-1531-4e36-a179-dbbcc1c6d6d2,Muslim Pro: Quran Athan Prayer,guides,"good app but its missing the most important element, teaching how to pray.",,lexicon,TRUE,2,1,,Negative,0,,
4619725f-55cb-4bba-a304-8cd616d5181b,Muslim Pro: Quran Athan Prayer,madhab,Assalmualaykum warahmatullah.Shukran jazak Allah khairan.,Positive,zero-shot,FALSE,5,0,,Positive,0,,
d4fed8c6-65f3-450d-ad2d-5033e9043b9d,Muslim Bangla Quran Hadith Dua,madhab,যারা মাজহাব মানে না তাদের তো তাদের সময়সূচি এড করার দরকার,Neutral,lexicon,FALSE,5,1,,Negative,0,,Those who do not follow Madhhab need to edit their schedule
d9aa2cc3-9f87-4d84-9f69-30d10eef1fa2,Prayer Times - Qibla & Namaz,madhab,I am hanafi and follow the prayers time through this app as well.,Neutral,lexicon,FALSE,1,0,prayer_times_accuracy,Positive,0,,
19ee0754-25e2-4c03-b81e-41e723b19ffb,Prayer Times - Qibla & Namaz,madhab,The option of changing to hanafi / shafai also seems missing?,,lexicon,TRUE,2,1,,Negative,0,,
1b2202a5-dff9-4aed-8dc2-a269bbfd6614,Prayer Times - Qibla & Namaz,madhab,Assalam u Alaikum Bara e Karam iski islami date thek kr dain ye aik din agya ka bta rhi hai,Positive,zero-shot,FALSE,5,0,,Negative,1,,
735bd24e-4695-4b07-a220-ddfce0b80cce,Prayer Times - Qibla & Namaz,madhab,Bohot bohot bohot achha haap sab bhi lagae mashalla esa ep har musalmaan ke paas hona chahiye,Positive,zero-shot,FALSE,5,0,,Positive,0,,
3370904a-0ac2-4b2b-8564-dd1d37098329,Prayer Times - Qibla & Namaz,madhab,Allah dawat e islami ko hamesha abad rakhe jis ne hme jannat ki rah dikhai hai,Positive,zero-shot,FALSE,5,0,,Positive,0,,
fe15b7ba-d458-4b95-8a2b-1dbdcefd9de6,صلاتك Salatuk (Prayer time),madhab,It's a very good app I'm using it always but after updating every time Chang setting like Asr time,Positive,lexicon,FALSE,5,0,prayer_times_accuracy,Negative,0,,
5ce16482-11a1-4c71-b376-fe50d93dc06e,Prayer Times - Qibla & Namaz,madhab,Best app for Hanafi prayer timings and zikr n duas,Positive,lexicon,FALSE,5,1,,Positive,0,,
8caba8ac-1895-4b95-8f03-20c5f9d4a9e9,Prayer Times - Qibla & Namaz,madhab,salam bhut pyari app hy Allah pah Dawat e islami ko shado abad fermae Ammer e Ahlay Sunnat k Faizan ko aam fermae,Positive,zero-shot,FALSE,5,0,,Positive,0,,
1c4d9aa5-7e7d-4a1e-8f6a-251d2180e2ba,Athan: Prayer Times & Al Quran,madhab,As Salamu alaikum wa rahmatullah wa barakatuhu.,Positive,zero-shot,FALSE,5,0,,Neutral,0,,
7207f70f-5bb1-4be3-a65a-1fd8b5f9f9f5,Muslim Pro: Quran Athan Prayer,monetization,please add PayTM to pay premium subscription / Google pay not working,,lexicon,TRUE,5,1,,Neutral,1,,
4d534a98-121c-40da-b089-ac3fe5c33dd4,Muslim Pro: Quran Athan Prayer,monetization,Worth for money to buy,Positive,lexicon,FALSE,5,1,,Positive,0,,
5cc87258-7322-4adf-bd59-60fdc5233778,Prayer Times - Qibla & Salah,monetization,I instantly pay for add free.,Neutral,lexicon,FALSE,5,1,,Positive,0,,
c8187f5d-1ff9-451e-9b40-0b769e635ffd,Muslim Pro: Quran Athan Prayer,monetization,"Can only do less wit this version, upgrading to d pro version a problem. || And y can't we pay for the pro version wit our local currency n try our service provider",Negative,lexicon,FALSE,3,1,,Negative,0,,
16fb3510-8ee0-464b-a6b5-edd07fd94204,Athan: Prayer Times & Al Quran,monetization,"Highly recommend app (pls go for paid version, u will love it In Sha Allah - also not so expensive)",Positive,lexicon,FALSE,5,1,,Positive,0,,
21ff2264-0289-4e81-8bdc-1ca2e6ae1b39,Muslim Pro: Quran Athan Prayer,monetization,"Back when I got it, it wasn't free and those that had paid previously were grandfathered in.",Neutral,lexicon,FALSE,1,1,,Neutral,0,,
e820af9b-6da6-4ecf-9649-64712f25ead9,Muslim Pro: Quran Athan Prayer,monetization,"Mine is a paid version,ehy now after update he call me to subscribe again?",Neutral,lexicon,FALSE,1,1,,Negative,0,,
4be5e343-aabd-48ff-b0d5-09b3058d6a8a,Athan: Prayer Times & Al Quran,monetization,One of the best apps every if you guys make it free for everyone,Positive,lexicon,FALSE,5,1,,Neutral,0,,
d5b67944-a265-4de2-8ace-ed5cb4b0a8df,Muslim Pro: Quran Athan Prayer,monetization,alarm sound notification not work & phophnec translation no find n my language (TAMIL-INDIA ) how to upgrade this,Negative,lexicon,FALSE,2,0,reminders_adhan,Negative,0,,
ef7b790e-01d6-49af-a121-a7a345cc02d7,Pillars: Prayer Times & Qibla,monetization,"We all know the issues with the other ""free"" prayer apps. || This one is free with no ads whatsoever.",Negative,lexicon,FALSE,5,0,ads_intrusive,Positive,0,,
a58dca14-463e-4d7d-99fe-97ae2ed8b32c,Muslim Pro: Quran Athan Prayer,monetization,Udah upgrade ke premium tapi applikasi masih banyak iklan...,Negative,lexicon,FALSE,1,1,,Negative,0,,
e27d0437-ed54-4c65-b729-3c31ff0898a7,Athan: Prayer Times & Al Quran,mosque_finder,Salaah times is incorrect! it's so important during ramadaan when you are not near a mosque!,Negative,lexicon,FALSE,1,0,prayer_times_accuracy,Negative,0,,
a84c3cfa-1b1a-478e-9435-e46bc52548b4,"Muslims Day-Prayer, Quran, Dua",mosque_finder,আমার আশেপাশের সকল মসজিদে বলতেছে সেহরি খাওয়ার শেষ সময় 4:53 মিনিট। আর অ্যাপে দেখাইতেছে 4:57 মিনিট,Neutral,lexicon,FALSE,5,0,prayer_times_accuracy,Negative,0,,All the mosques around me say the last time for Sehri is 4:53. And the app shows 4:57 minutes
ff910d3d-c7fd-4cc6-a185-795a828d5194,Muslim Pro: Quran Athan Prayer,mosque_finder,"The one downside to this app is their lack of control on the adverts that pop up, like I'm in a mosque open the app and a tik tok advert shows up with a woman 2 stepping.",,lexicon,TRUE,2,0,ads_intrusive,Negative,0,,
33f5cb66-9615-4b26-9193-6f7d398b1547,صلاتك Salatuk (Prayer time),mosque_finder,"If the program is limited to the Azan, It is easier to listen to the mosque.",Neutral,lexicon,FALSE,1,0,reminders_adhan,Neutral,0,,
89035a34-9c0f-4d01-bdfa-370f3422383c,Muslim Pro: Quran Athan Prayer,mosque_finder,Those who stay outside from home and no masjid near your accommodation must install this.,Neutral,lexicon,FALSE,5,0,reminders_adhan,Positive,0,,
244b052f-2dea-45f3-82c8-19ae7b5cd41b,Prayer Times - Qibla & Namaz,mosque_finder,Will be a great feature to add local mosques jamaat time page where locals can add jamat time and check jamat time to be on time.,Positive,lexicon,FALSE,5,1,,Neutral,1,,
0a6de315-ec73-4fd2-86d1-ebf6b386d889,Muslim Pro: Quran Athan Prayer,mosque_finder,"Masha allah I wanna thank you for makin me more educated n one thg I wanna knw if I wanna change d timin of azaan accordin to my country hw to do dat coz all d timin's of azaan comes automatically bt asar timin r different frm our masjid even d ifrari azaan is early, plz help",Positive,lexicon,FALSE,1,0,,Positive,0,,
b383535c-e89a-4952-b789-d0aa5be0660b,صلاتك Salatuk (Prayer time),mosque_finder,If possible to add timer for the notification to be automatically disappear after Iqama time.,Neutral,lexicon,FALSE,4,0,reminders_adhan,Neutral,1,,
dc5f54ea-f06d-450b-9833-3a8c1f9f0aad,صلاتك Salatuk (Prayer time),mosque_finder,"I like how it allows you to add you own Athans, and adjust time, how it finds mosques close to you, Athan on silent mode etc",Positive,lexicon,FALSE,5,0,reminders_adhan,Positive,0,,
fd781d4c-8a61-4d4f-b1b8-c8bccef3347a,Muslim Pro: Quran Athan Prayer,mosque_finder,Help a lot to find mosque & halal food in europe.,Positive,lexicon,FALSE,5,1,,Positive,0,,
4688e52f-0571-4f75-aa59-e6ab99dec746,Deen - Islamic App,mosque_finder,"It has so many hadith, the Quran, dua, prayer times (with hanafi asr too), qibla direction, the hijri calendar, mosque locations, a zakat calculator, and so many other helpful things.",Neutral,lexicon,FALSE,5,1,,Positive,0,,
e6dc0ca6-2f26-4091-9b1f-dbb09b95ec2b,Muslim Pro: Quran Athan Prayer,nafl_times,Saya sudah bayar aplikasi.,Neutral,zero-shot,FALSE,5,0,monetization,Neutral,0,,
e1a2228d-9d99-49b7-8008-0d0dbbe537ea,Prayer Times - Qibla & Namaz,nafl_times,Mashaallha subhanallha bhut omda app hai SDI ka,Positive,zero-shot,FALSE,5,0,,Positive,0,,
6c1af3dc-ad8c-4dbc-af78-cd674674ac8c,Athan: Prayer Times & Al Quran,nafl_times,"I rely on Athan for prayers, especially Qiyam/Tahajjud.",Positive,lexicon,FALSE,5,1,,Positive,0,,
0a1e5938-4ccc-4ed7-b6b1-95a50c0f524a,Muslim Pro: Quran Athan Prayer,nafl_times,"And please apart from this I really need, Qiyam ul lail and islamic midnight time shown in the app.",Neutral,lexicon,FALSE,5,1,,Positive,1,,
8935732d-dc7f-474c-ac0e-0ef60a9a7680,Prayer Times - Qibla & Namaz,nafl_times,It's a amazing app but please add tahajjud time also,,lexicon,TRUE,5,1,,Positive,1,,
59489ec3-8035-4e31-ace0-c328e32a0fa6,Muslim Pro: Quran Athan Prayer,nafl_times,Maseallha bht accha app hai,Negative,zero-shot,FALSE,5,0,,Positive,0,,
43e2e8bd-2a6b-4be0-b89b-2a1f933f011e,Muslim Pro: Quran Athan Prayer,nafl_times,Sedih 50 rb lebih dah melayang (dah bulanan saya cancel pindah ke tahunan).,Negative,zero-shot,FALSE,4,0,monetization,Negative,0,,
e67b050a-59f2-4444-99fa-d84d43fd89b0,Prayer Times - Qibla & Namaz,nafl_times,Mujhe dawat e islami s payar ha,Negative,zero-shot,FALSE,5,0,,Neutral,0,,
ce03d9aa-43ec-4c1d-b829-e48ca4913c26,Prayer Times - Qibla & Namaz,nafl_times,"Please add sheri, iftar chast and zawal time and other nafils time.",,lexicon,TRUE,5,1,,Neutral,1,,
624feb46-b2dd-431c-9aef-a6d58e025a19,Muslim Pro: Quran Athan Prayer,nafl_times,udah2 le menunggang agama tu,Negative,zero-shot,FALSE,1,0,,Neutral,0,,
8216866e-d80b-4eb9-8c98-04d190339ca0,iPray: Prayer Times & Qibla,nafl_times,"The second notice is why the Qiyam is included as a prayer, we have only 5 daily prayers in Islam not 6 ...I was so confused when i checked the bar status for how much is remaining of time till Fajr...",Negative,lexicon,FALSE,1,1,,Negative,0,,
38d37b6d-9e61-4662-bb46-12e5dc4a69a5,Muslim Pro: Quran Athan Prayer,prayer_times_accuracy,Asalamoalikom the old version was much more accurate . || In this new version sunrise is not accurate. || Now it is more accurate then any other apps.,Neutral,lexicon,FALSE,3,1,,Negative,0,,
3243bc11-9981-4a2c-9a3a-33ae159fbeb0,صلاتك Salatuk (Prayer time),prayer_times_accuracy,Not accurate location and time,Negative,lexicon,FALSE,3,1,,Negative,0,,
bb4ae743-ca12-4882-89c6-078a15925728,صلاتك Salatuk (Prayer time),prayer_times_accuracy,The App is very accurate.,Positive,lexicon,FALSE,5,1,,Positive,0,,
e4c35aea-c7d5-4e78-bb24-b43d3a92b9b6,Muslim Pro: Quran Athan Prayer,prayer_times_accuracy,Sells your data especially location without your knowledge.,Negative,lexicon,FALSE,1,0,,Negative,0,,
96dc3ecf-2b1b-4700-960e-6c34ffbfe327,Prayer Times - Qibla & Namaz,prayer_times_accuracy,Very good app for prayer time please instail it.,Positive,lexicon,FALSE,5,1,,Positive,0,,
8a6fafc4-f9b6-42b2-bb6b-ed60f205f79b,Muslim Pro: Quran Athan Prayer,prayer_times_accuracy,It is showing wrong prayer times,Negative,lexicon,FALSE,5,1,,Negative,0,,
e9443447-8151-432b-9707-860193a5b13a,صلاتك Salatuk (Prayer time),prayer_times_accuracy,Excellent App for prayer time.,Positive,lexicon,FALSE,5,1,,Positive,0,,
8e10c675-7dd1-4350-8361-bd30390c4aab,Prayer Times - Qibla & Namaz,prayer_times_accuracy,Jakallah wa khairah meri bahot help huii prayer time se alhamdulillah,Positive,lexicon,FALSE,5,1,,Positive,0,,
e0acd557-ba12-44cf-a11c-04b9031cc8bf,Prayer Times - Qibla & Namaz,prayer_times_accuracy,Salaam Please try to add option for lessen 2 minutes in Fajar start time and Addition of 2 minutes in Maghrib start time. || Moreover an option for hight can also be added while setting location.,Neutral,lexicon,FALSE,5,0,,Neutral,0,,
5b685b48-cf83-4bf1-977c-f0003ace0222,Prayer Times - Qibla & Namaz,prayer_times_accuracy,An accurate app for timing of the Namaz.,Positive,lexicon,FALSE,5,1,,Positive,0,,
99b20a31-ce3e-4ff5-8a87-b4b7baa841a9,Muslim Pro: Quran Athan Prayer,prayer_times_accuracy,Bug for pre-Isha reminder. || It should display the prayer time instead of the current time.,Negative,lexicon,FALSE,4,0,reminders_adhan,Negative,0,,
96448406-f860-4c36-9a41-e319e02c17cb,Prayer Times - Qibla & Namaz,prayer_tracker,"Me and my family has been using this app since long time, it always gives the track of all prayers smooth continuation.",Positive,lexicon,FALSE,5,1,,Positive,0,,
d40d44fc-0586-4f0f-82a3-5a495ea211b1,Muslim Pro: Quran Athan Prayer,prayer_tracker,"It also, has fasting tracker.",Neutral,lexicon,FALSE,5,0,,Neutral,0,,
d00f608d-ad17-42ac-aa24-a942c21de118,Prayer Times - Qibla & Namaz,prayer_tracker,Nice App for checking prayer's time,Positive,zero-shot,FALSE,5,0,prayer_times_accuracy,Positive,0,,
97d5d1f9-775a-4ccb-b658-ca6f6744d093,Muslim Pro: Quran Athan Prayer,prayer_tracker,"Why the mark when on the Qur'an daily ayah vers were become as bullets point not like before has the difference logo such as reminder mark, love mark , memomark also highlighted for take important were visible suddenly",Negative,lexicon,FALSE,1,0,,Neutral,0,,
03b6a38b-45f1-47b5-92a8-fac0edbc493c,Athan: Prayer Times & Al Quran,prayer_tracker,"the best Islamic app ever ! it has great UI experience apart from that it determines the accurate Salah times based on your location, you can keep track of your Salah as well as it will provide you with the Duas for after every Salah.",Positive,lexicon,FALSE,5,1,,Positive,0,,
94f4a189-7fcf-430c-bdb6-a13767d30d8b,Muslim Pro: Quran Athan Prayer,prayer_tracker,"Specially to track Prayers, Fasting.",Neutral,lexicon,FALSE,4,1,,Neutral,0,,
b7c005cd-9c39-4735-ac35-d03ed441a024,Athan: Prayer Times & Al Quran,prayer_tracker,"I think this app is fantastic, because it easy , fast and it helps you to keep track on timely prayer.",Positive,lexicon,FALSE,5,1,,Positive,0,,
f072f30e-f945-4b59-817f-596ae7135d62,صلاتك Salatuk (Prayer time),prayer_tracker,it's so useful for my prayers,Positive,zero-shot,FALSE,5,1,,Positive,0,,
75617585-07b2-4f11-9089-b156b3d2f0d2,Athan: Prayer Times & Al Quran,prayer_tracker,There should be a difference between logging forgotten to log and made up prayers,,lexicon,TRUE,4,1,,Neutral,1,,
8498f3ef-31fe-4cf7-a357-19bfac3e3f27,Prayer Times - Qibla & Namaz,prayer_tracker,"App have lots of features like tasbeeh, qaza calculator, Quraan Shreef with translation of Kan-zul-iman etc.",Neutral,lexicon,FALSE,5,1,,Neutral,0,,
0955dfb5-428a-4278-abc5-17ec9946acdb,Everyday Muslim - Pray tracker,prayer_tracker,"The options seem limited for the prayer- Prayed on time, late, missed or none.",Negative,lexicon,FALSE,4,1,,Negative,0,,
fa2e03ad-ff66-48aa-9761-70cef95bd880,"Wemu: WeMuslim, Athan&Qibla",privacy_data,I also need to freaking pay now to just track my lost prayers.,,lexicon,TRUE,1,1,,Negative,0,,
5eb08a33-17fd-46ff-bd9d-5ebab7076f65,Muslim Pro: Quran Athan Prayer,privacy_data,Should be ban because rumours said they sell our data,,lexicon,TRUE,1,1,,Negative,0,,
d0e0e1d2-003c-4910-85c4-64ff3d2d974c,Muslim Pro: Quran Athan Prayer,privacy_data,"I'm uninstalling this app because, muslim pro is selling my data, and it's main job is data mining, good bye",Negative,lexicon,FALSE,1,1,,Negative,0,,
acc96000-4f60-4f71-8661-1c5405e90716,Muslim Pro: Quran Athan Prayer,privacy_data,.why you selling our data to US.,Negative,lexicon,FALSE,1,1,,Negative,0,,
b1947fec-2013-4074-8193-e17063ee495e,Pillars: Prayer Times & Qibla,privacy_data,"The only suggestion I'd give is if the menstruation button allowed an option to change the color of the prayers being tracked, just so you could recognise the menstration days from the normal days on the prayer trends tab.",,lexicon,TRUE,5,0,women_period,Neutral,0,,
ec799951-9240-42f1-b4cc-c771edf6bdda,Muslim Pro: Quran Athan Prayer,privacy_data,The latest update of this app now has full access to your phone and can make phone calls without your knowledge and can view your id and calls.,Neutral,zero-shot,FALSE,1,1,,Negative,0,,
f94f989d-d96c-4430-8c9d-2a86a5fa9aa7,Muslim Pro: Quran Athan Prayer,privacy_data,"Security sistem is not good enough, makes hackers can harvest our data",Negative,lexicon,FALSE,3,1,,Negative,0,,
a1470eb5-6ce0-4a8d-86ff-633446174926,Muslim Pro: Quran Athan Prayer,privacy_data,"Muslim Pro, aplikasi kiblat, adzan dan Quran, yang diinstal jutaan Muslim seluruh dunia mengirimkan data-data pribadi penggunanya ke militer AS melalui pihak ketiga.",Neutral,lexicon,FALSE,1,1,,Negative,0,,
1c6d4ef1-1f23-4ab9-9881-7c1d53fa3083,Muslim Pro: Quran Athan Prayer,privacy_data,"Sell info to third party, should be sue.",,lexicon,TRUE,1,1,,Negative,0,,
62b7e2bc-5e73-4853-8ca6-0bafe8ffa8bb,Salaat First: Prayer Times,privacy_data,"It turns out that this app is collecting and selling Muslims data like "" muslim pro""",Neutral,lexicon,FALSE,1,1,,Negative,0,,
b635c7c6-7c1c-4655-ac00-dc868e688997,Muslim Pro: Quran Athan Prayer,privacy_data,Selling our data.,Neutral,lexicon,FALSE,1,1,,Negative,0,,
ae3ba358-6d1e-4475-98d2-c017fd769482,Muslim Pro: Quran Athan Prayer,qasr_travel,I use it when i am travelling i can know the kiblah direction .,Neutral,lexicon,FALSE,5,0,qibla,Positive,0,,
a8453512-b1f7-414a-be90-8a77ef194beb,Muslim Pro: Quran Athan Prayer,qasr_travel,"Muslim Pro is a Blessing from ALLAH that freshly highlights the Muslim spiritual journey, in today's world.",Positive,lexicon,FALSE,5,0,spiritual_affect,Neutral,0,,
4586d8aa-80ff-4ea5-a44d-9229406dc5fa,Pillars: Prayer Times & Qibla,qasr_travel,"However, it doesn't update timings when I travel.",Neutral,lexicon,FALSE,1,0,prayer_times_accuracy,Negative,0,,
b3dcb402-7586-4b89-9851-64db83983dba,Muslim Pro: Quran Athan Prayer,qasr_travel,"Alhamdulillah, this app is very useful to check qibla and prayer times as I travel.",Positive,lexicon,FALSE,2,0,prayer_times_accuracy,Positive,0,,
9217ed74-2220-48b9-9268-f327d6b899cb,Muslim Pro: Quran Athan Prayer,qasr_travel,It's a good journey with you.,Positive,lexicon,FALSE,5,0,,Positive,0,,
b3e6514f-09c0-45fd-abd3-f818be737c54,Muslim Pro: Quran Athan Prayer,qasr_travel,I always rely on this app whenever I travel to other countries.,Positive,lexicon,FALSE,5,0,,Positive,0,,
acca5184-bcc2-421d-bccd-d8de29a03508,Muslim Pro: Quran Athan Prayer,qasr_travel,Useful when I am in office or traveling.,Neutral,lexicon,FALSE,4,0,reminders_adhan,Positive,0,,
421c3ced-3b95-46ed-8183-9d34180d3b7c,Muslim Pro: Quran Athan Prayer,qasr_travel,It is very useful app and I useing many countries of the world when traveling and it is working very well.,Positive,lexicon,FALSE,5,0,prayer_times_accuracy,Positive,0,,
e3ac8475-c701-450c-b65c-121fd56a82f9,Athan: Prayer Times & Al Quran,qasr_travel,"Nice,helpful and easy especially in traveling.JazakAllah",Positive,lexicon,FALSE,5,0,prayer_times_accuracy,Positive,0,,
c63fe0ea-8778-4228-9d62-d3be99383e47,Muslim Pro: Quran Athan Prayer,qasr_travel,Very good for those people who lives at abroad or non muslim country.,Positive,lexicon,FALSE,5,0,,Positive,0,,
896dbdf2-65e9-4202-8975-c7161c53c52c,"Wemu: WeMuslim, Athan&Qibla",qasr_travel,It's simple to understand and extremely helpful for travel l.,Positive,lexicon,FALSE,5,0,prayer_times_accuracy,Positive,0,,
bd2b993c-7d9c-4a4d-80ce-8ddd05bb9779,Prayer Times - Qibla & Salah,qibla,Qibla direction + unexpected yet nice features are also available here!,Positive,lexicon,FALSE,5,1,,Positive,0,,
249e9cad-cdb8-4578-8371-7d25f6e5a003,Athan: Prayer Times & Al Quran,qibla,"Very good app special for Azan times, Islamic calendar, quibla finding etc.",Positive,lexicon,FALSE,5,1,,Positive,0,,
58635ff7-cbb6-4bfa-8ddd-cde0a48246fe,Athan: Prayer Times & Al Quran,qibla,Its showing me all times in Makkah.,Negative,lexicon,FALSE,1,0,prayer_times_accuracy,Neutral,0,,
cdb097f2-eb6f-4e39-ac2a-84954d3b5f73,Prayer Times and Qibla,qibla,"Other ""market popular"" applocations force me to watch videos before showing Qibla.",Negative,lexicon,FALSE,5,1,,Positive,0,,
5852f1af-8962-4672-b437-82699713fe7e,Athan: Prayer Times & Al Quran,qibla,The app cannot detect my location and also can't show the qibla. || The compass doesn't work. || Also I have to keep changing the location from makkah to my city which is annoying.,Negative,lexicon,FALSE,1,1,,Negative,0,,
eb1022c4-e98f-4bc8-9b8f-0bb914ab52e5,Muslim Pro: Quran Athan Prayer,qibla,Qibla direction is not working ...And other material iz very useful ....,Neutral,lexicon,FALSE,5,1,,Negative,0,,
d3735d1b-5a33-483b-8f0e-8b5410f49776,Athan: Prayer Times & Al Quran,qibla,Ma Sha Allah I love this app it's simple and easy to use although the Qibla service is not supported by my device that's my only issue.,Positive,lexicon,FALSE,4,1,,Negative,0,,
8378cff3-587a-4004-a8ae-a8135e5f04cb,Muslim Pro: Quran Athan Prayer,qibla,"I opened this app to find the qibla while I was sitting on my prayer mat, and it started showing this disturbingly vulgar ad.",Negative,lexicon,FALSE,1,0,ads_intrusive,Negative,0,,
1fed791f-8272-4970-82d0-ea4063d644fc,Muslim Pro: Quran Athan Prayer,qibla,Kebla direction doesn't work properly except that everything is good.,Neutral,lexicon,FALSE,4,1,,Negative,0,,
a533f1aa-b52a-47d9-bc4b-1864a6ff31bb,Muslim Pro: Quran Athan Prayer,qibla,"I also read quran, see the direction of qibla which has made my life easier.",Positive,lexicon,FALSE,5,1,,Positive,0,,
2dd3b21e-83d2-4320-a6aa-a39876b214c8,Muslim Pro: Quran Athan Prayer,qibla,"Good for learners... compass could be better though, sometimes it doesn't work",Negative,lexicon,FALSE,5,1,,Negative,0,,
1f49f7da-df09-4418-8e08-2ccd263b37a2,"Muslims Day-Prayer, Quran, Dua",quran_audio,"হাফিজি কোরআন, নামাযের ফরজ,ওয়াজিব থাকলে ভালো হতো",Neutral,lexicon,FALSE,5,1,,Neutral,0,,"It would be better if Hafiji had Quran, obligatory and wajib of prayer"
124535eb-5b9b-48cb-af08-64e850dbc48c,Athan: Prayer Times & Al Quran,quran_audio,Bht accha app h mashallah,Negative,zero-shot,FALSE,5,0,,Positive,0,,
ce5f6f35-2b53-4e63-a6a2-ab7e76ad07ea,Athan: Prayer Times & Al Quran,quran_audio,"Perfect app for prayer timing, daily prayers and quran reading as well as for understanding.",Positive,lexicon,FALSE,5,1,,Positive,0,,
8837274a-f99b-4aac-a7df-78e3e08b0d16,Muslim Pro: Quran Athan Prayer,quran_audio,...ma sha allah.,Positive,zero-shot,FALSE,5,0,,Positive,0,,
ada25cab-d447-47dd-8244-9c52f65d516b,صلاتك Salatuk (Prayer time),quran_audio,جزاكم الله خير,Positive,zero-shot,FALSE,5,0,,Neutral,0,,May God reward you
693730e2-4d64-4236-bd68-2876c773d6b0,Athan: Prayer Times & Al Quran,quran_audio,"MashAllah TabarakAllah, perfect app to read the Holy Qur'an and also to practice the virtues of islam.",Positive,lexicon,FALSE,5,1,,Positive,0,,
0c1697f5-19e1-4ac5-b347-b50c649136cd,Muslim Pro: Quran Athan Prayer,quran_audio,bhut accha aap hai ye,Negative,zero-shot,FALSE,5,0,,Positive,0,,
b696efd1-5c73-4cce-8594-768d6dfe6926,Muslim Pro: Quran Athan Prayer,quran_audio,Some mistakes in Quran surah Al Bayyina.,Negative,lexicon,FALSE,5,1,,Negative,0,,
7cfd7320-9f60-4e64-9031-7e5a5e4a39e4,Prayer Times - Qibla & Namaz,quran_audio,ما شاء الله... || I love Dawat e islami...,Positive,zero-shot,FALSE,5,0,,Neutral,0,,God willing... || I love Dawat e Islami...
99c4b0ff-c2b2-486e-8a87-89543f34d5a1,Muslim Pro: Quran Athan Prayer,quran_audio,It would be better if we can rotate the screen when we want to read the quran,,lexicon,TRUE,5,1,,Neutral,0,,
c9db3716-3e28-4678-b775-1c6adbfab849,Muslim Bangla Quran Hadith Dua,quran_audio,"Masllah, onek valo hoi amader, duya roylo aro valo koren.",Positive,zero-shot,FALSE,5,0,spiritual_affect,Positive,0,,
0de0679a-dba4-47db-a3a2-281b7c8b063f,Athan: Prayer Times & Al Quran,reminders_adhan,"Good app but when I turn off the notification, it kept making sounds even when I tried to mute the phone.",Negative,lexicon,FALSE,2,1,,Negative,0,,
ad319cc3-eb7f-4a7e-969f-4c3e44aff07e,Muslim Pro: Quran Athan Prayer,reminders_adhan,it is best Islamic app.,Positive,zero-shot,FALSE,5,0,,Positive,0,,
e6b75df5-8742-4449-a693-7a1b0430dad9,Muslim Pro: Quran Athan Prayer,reminders_adhan,I love the new quran feature and all the reminders.,Positive,lexicon,FALSE,5,1,,Positive,0,,
b2c607bc-e277-411e-93b4-d4a2c58426bc,صلاتك Salatuk (Prayer time),reminders_adhan,برنامج ممتاز جدا ودقيق في الوقت والضبط.,Positive,zero-shot,FALSE,5,0,prayer_times_accuracy,Positive,0,,"A very excellent program, accurate in timing and setting."
f9d8e7e1-284a-4d2d-95ad-b4ae43514b43,Prayer Times - Qibla & Namaz,reminders_adhan,i can't change azaan time of zohar,Neutral,lexicon,FALSE,4,1,,Negative,0,,
266a408d-4bd9-4066-a7ce-cb24fd1e1161,"Muslims Day-Prayer, Quran, Dua",reminders_adhan,"MashaAllah Very helpful App, Jazakumullahu khairon.",Positive,zero-shot,FALSE,5,0,,Positive,0,,
c4cd6f5c-d9d2-41f2-90ba-23561d76d9c6,Athan: Prayer Times & Al Quran,reminders_adhan,I can't volum down the athan only. || I have to volum down my phone's ring to hear athan slow.,Negative,lexicon,FALSE,3,1,,Negative,0,,
856c3e99-3b05-4bd7-aaef-2116a7a8fca4,Prayer Times - Qibla & Namaz,reminders_adhan,"This the best for azan, radio and many more.",Positive,lexicon,FALSE,4,1,,Positive,0,,
1613bc28-0f44-4b6b-a1f0-452dc5e762a9,Muslim Pro: Quran Athan Prayer,reminders_adhan,It is the best app for Muslim.,Positive,zero-shot,FALSE,5,0,,Positive,0,,
e417e2f4-a497-4975-be46-3f2ddfb90d4b,Muslim Pro: Quran Athan Prayer,reminders_adhan,"I thought I was downloading an app that actually recited the Azaan. || This app only gives a pop-up notification without a sound!!! And YES, I DID have the sound set on for notifications but I never heard it!!!",Neutral,lexicon,FALSE,2,1,,Negative,0,,
6a444d03-9b0d-411c-9e9e-9c3332b65e6c,Muslim Pro: Quran Athan Prayer,reminders_adhan,"i love when it comes to the reminder thing about "" read this quran "" .",Positive,lexicon,FALSE,5,1,,Positive,0,,
e2f618c7-5d76-4cb2-85d3-c5d29ba9cae2,Prayer Times - Qibla & Namaz,spiritual_affect,Masaallah bahut acha app hai,Positive,zero-shot,FALSE,5,0,,Positive,0,,
c1c01363-1995-42bb-8237-93ae33ac2cd5,Muslim Pro: Quran Athan Prayer,spiritual_affect,The best Apps to keep me in remembrance of Allah Ar Rahman Ar Rahim,Positive,zero-shot,FALSE,4,1,,Positive,0,,
fe633c9c-b3ea-41bd-a8ec-f0fb75c86ed9,صلاتك Salatuk (Prayer time),spiritual_affect,I like/satisfied/happy with using your application Application.,Positive,zero-shot,FALSE,5,0,,Positive,0,,
8629561d-2557-45c2-a763-5400178281a0,Prayer Times - Qibla & Namaz,spiritual_affect,"Assalamualaikum Hazrat, Is app ke zariye se bahuth ilm-e- deen hasil horaha hai.",Positive,zero-shot,FALSE,5,0,,Positive,0,,
dbcfda4f-d807-4151-9045-4fce7535edcc,Athan: Prayer Times & Al Quran,spiritual_affect,i love this app so much it has helped me become a better muslim,Positive,zero-shot,FALSE,5,1,,Positive,0,,
f2d90a85-edc6-4157-bb80-f89169526e24,Athan: Prayer Times & Al Quran,spiritual_affect,This app was good and helped me pray on tym but thn I changed my mobile and downloaded this again...,Neutral,lexicon,FALSE,2,1,,Positive,0,,
4641cfde-3237-4868-895b-83cc487a566a,صلاتك Salatuk (Prayer time),spiritual_affect,i love it too much May Allah provide the creator of this App......Happiness.,Positive,zero-shot,FALSE,5,0,,Positive,0,,
413a3b5c-a4f3-4034-b6ba-52a16fe8a440,"Wemu: WeMuslim, Athan&Qibla",spiritual_affect,mashallah Allah pak jannat me alla muqam naseeb kare jis ne ye app banaya,Positive,zero-shot,FALSE,5,0,,Positive,0,,
8c7438a0-c784-43ac-92fb-e70baba0a21f,Muslim Pro: Quran Athan Prayer,spiritual_affect,I love the inspiration segment,Positive,zero-shot,FALSE,5,0,reminders_adhan,Positive,0,,
bbb764f3-86f8-4c5a-a983-56126a377f5b,Muslim Pro: Quran Athan Prayer,spiritual_affect,"This is a very good application it helps me improve as a better Muslim man so I thank the developers for this, but I suggest if u cud improve the location configurations, they don't always work effectively",,lexicon,TRUE,5,1,,Positive,0,,
9cb7fc73-51dc-4a43-9ef7-fa6f04957ae5,"Muslims Day-Prayer, Quran, Dua",spiritual_affect,I use this app very much benefited from the app....,Positive,zero-shot,FALSE,5,1,,Positive,0,,
0c67e0c2-42b7-41d8-9bd4-15c9bac0aae4,Muslim Pro: Quran Athan Prayer,stability_bugs,isn't not responding,Negative,lexicon,FALSE,5,1,,Negative,0,,
9b3a43e3-2536-496b-91c0-883bd1afbc16,Muslim Muna Adhan Prayer Quran,stability_bugs,This application is not working every time in my phone,Negative,lexicon,FALSE,3,1,,Negative,0,,
63607bf8-f108-4218-8bc1-0e1142f14bc4,Athan: Prayer Times & Al Quran,stability_bugs,Duas section is not working after the latest update.,Negative,lexicon,FALSE,1,1,,Negative,0,,
7f07a84c-8455-4c6f-8500-51c62707d098,iPray: Prayer Times & Qibla,stability_bugs,The app is crashing at starting up the app. || I'm still having same problem even after reinstalling the app.,Negative,lexicon,FALSE,3,1,,Negative,0,,
9aba0a99-3150-44b8-9a99-54493e75ce5a,Prayer Times and Qibla,stability_bugs,"Agenda not working properly, after i switch on but it back to switch off again after close the application.",Negative,lexicon,FALSE,4,1,,Negative,0,,
ce424d25-7658-4fea-b522-abb246d88dd6,Prayer Times - Qibla & Salah,stability_bugs,their is time error for As asr pay in my location it should be 1525.but in the notification it show 60 minurs more,,lexicon,TRUE,2,0,prayer_times_accuracy,Negative,0,,
4175decb-ef11-4c86-8be8-f05f292b0260,Muslim Pro: Quran Athan Prayer,stability_bugs,The app is very convenient but lately there has been a bug where normal alifs that are supposed to be fatha get MaddulLazim.,Negative,lexicon,FALSE,4,1,,Negative,0,,
cb508553-a3df-4e82-9bfd-7500e56553e0,Muslim Pro: Quran Athan Prayer,stability_bugs,notification adzan usually error on my device (flash plus 2),Negative,lexicon,FALSE,3,0,reminders_adhan,Negative,0,,
9b8741d1-31db-480d-924c-68a831014817,صلاتك Salatuk (Prayer time),stability_bugs,"Very good app I have been using for two years, but mosque location is not working",Negative,lexicon,FALSE,5,0,mosque_finder,Negative,0,,
7bd34c7c-c21e-448f-9d2e-62c3746856ae,Muslim Pro: Quran Athan Prayer,stability_bugs,I have purchased this app for a month it gave error that it cant buy it then again i did for a year then also it didnt happened but the money has been debited from.my account and still it is not working and i am asking for help and have not yet ...,Negative,lexicon,FALSE,1,0,monetization,Negative,0,,
ee860c25-57e4-4aaf-9483-bacd474b8b3d,Muslim Pro: Quran Athan Prayer,stability_bugs,not working,Negative,lexicon,FALSE,5,1,,Negative,0,,
cc23e889-ec50-42ee-a11d-03e714e223dc,iMuslim: Prayer Times & Quran,table_format,কোন কথা হবে না। চমৎকার একটা App আপনারা যদি একটা পাঁচ ওয়াক্ত নামাজের Chart তৈরি করেন তবে ভালো হত। সেখানে নামাজ জামাতে পড়া হল কি না তা লেখা থাকবে আবার কাযা হল কি না তা লেখা থাকবে।,Positive,lexicon,FALSE,5,1,,Positive,1,,"There will be no talk. An excellent app, it would be good if you make a chart for five times prayer. There, it will be written whether the prayer was offered in congregation or not, and it will be written whether the Qaza was performed or not."
07fa1722-0f3d-4827-a9df-4f7b0ef5743a,Muslim Pro: Quran Athan Prayer,table_format,Excellent for the month of ramadan and everyday .,Positive,zero-shot,FALSE,3,0,,Positive,0,,
350554a8-01b6-4d0a-aee8-9a128a09dfda,"Wemu: WeMuslim, Athan&Qibla",table_format,the monthly calendar don't always correct,Negative,lexicon,FALSE,5,1,,Negative,0,,
f259fda5-20e7-420f-a91d-3c816e2dbf67,Muslim Pro: Quran Athan Prayer,table_format,May Allah shower countless blessings on the creator of this app- prayed on timeduring my busy schedule thanks to this app,Positive,lexicon,FALSE,5,0,reminders_adhan,Positive,0,,
f848baae-72bb-473a-a8be-8139b01066ac,Muslim Pro: Quran Athan Prayer,table_format,just wanna see a schedule of pray it's so hard,Negative,lexicon,FALSE,3,1,,Negative,0,,
08761856-6261-4ace-be8a-27bbfa61abb3,Muslim Pro: Quran Athan Prayer,table_format,I paid for this app already a couple years ago and now they want a subscription monthly?,,lexicon,TRUE,1,0,monetization,Negative,0,,
42c0cc2c-ffcf-43af-a9f8-e7129e42bef4,Prayer Times - Qibla & Namaz,table_format,"Best prayer timetable, qibla finder and many more features application.",Positive,lexicon,FALSE,5,1,,Positive,0,,
3d6a3ff3-6e5d-440f-9184-7bc5a8b1cdb5,Athan: Prayer Times & Al Quran,table_format,"All I get is a pop-up telling me my PDF reader is 'outdated', so I download the suggested PDF reader, and Still, any time I try to use the app it opens up anothet link to 'update'. || I downloaded the 2nd link, then just for argumemt's sake, I downloaded 'All PDF Reader' a 3rd time.",Negative,lexicon,FALSE,4,0,ads_intrusive,Negative,0,,
ed5b9667-b860-41fb-9aae-a7d7b79edd95,Muslim Pro: Quran Athan Prayer,table_format,"My lifetime premium was gone, changed to monthly payments system seriously?",Negative,lexicon,FALSE,1,0,monetization,Negative,0,,
091bc770-7d2f-4a44-9c83-c174a6a05b0f,"Muslims Day-Prayer, Quran, Dua",table_format,Its easy to know your salat time table.,Neutral,lexicon,FALSE,5,0,prayer_times_accuracy,Positive,0,,
a1d16e15-7f4a-402a-b94a-70744befc559,Muslim Bangla Quran Hadith Dua,table_format,Apnera ekta chart add koren example: Fazr Namaz- Prothom 2 rakat sunnot silent and then 2 rakat Faraz awaaz diye porte hoi....,Neutral,lexicon,FALSE,5,0,,Neutral,1,,
5d266aa4-4c9f-466e-82ae-49f3425b45c9,Muslim Pro: Quran Athan Prayer,tracker_score,what happen... since latest update (april 2021) i can no longer see my quran reading progress (resume).,Negative,lexicon,FALSE,2,0,stability_bugs,Negative,0,,
d809ba1e-20eb-4d60-9d71-40baa9f12acc,Muslim Pro: Quran Athan Prayer,tracker_score,Why does this version keep crashing and not keeping track of my atkham progress always taking back to a particular part I have already read.,Negative,lexicon,FALSE,5,0,stability_bugs,Negative,0,,
ad6ab9b4-627c-40c1-b790-eb55a0698cc8,Muslim Pro: Quran Athan Prayer,tracker_score,I really appreciate how it tracks my Quran reading progress and keeps count of the time I spend reading.,Positive,lexicon,FALSE,5,0,,Positive,0,,
cb73753b-9989-463a-b1bd-1234e7a6ea5d,Muslim Pro: Quran Athan Prayer,tracker_score,its already set location at my place and i already report it and its nothing change.,Neutral,lexicon,FALSE,1,0,stability_bugs,Negative,0,,
c5f94488-cba3-4a21-ae21-59fd6ee494e9,Muslim Pro: Quran Athan Prayer,tracker_score,Alhamdulilah and May Allah SWT bless you and grant you the highest rank of Jannah al-firdaus Amin Its such a great and wonderful app for muslims!!,Positive,lexicon,FALSE,5,0,,Positive,0,,
0d5c5169-0131-4e19-b2bb-a02696808548,Muslim Pro: Quran Athan Prayer,tracker_score,"Muslim Pro sells location data to a third-party broker called X-Mode, according to Motherboard's report.",Neutral,lexicon,FALSE,1,0,privacy_data,Negative,0,,
ac632257-63fe-4bb4-a224-00998df0dd72,Muslim Pro: Quran Athan Prayer,tracker_score,Great app and please work on a problem its lose progress when screen lock while reciting.,Negative,lexicon,FALSE,4,0,stability_bugs,Negative,0,,
ba0b4009-bf70-48e0-8543-2a9e9db3b7a5,Athan: Prayer Times & Al Quran,tracker_score,Folowup your daily progress pray,Positive,lexicon,FALSE,3,1,,Positive,0,,
e3c5a6fa-dabe-4280-8a55-4e0c4c056d99,Muslim Pro: Quran Athan Prayer,tracker_score,"While reading Qur'an, the progress is lost if",Negative,lexicon,FALSE,3,0,stability_bugs,Negative,0,,
29ff9c4c-cec9-4c13-82e0-fa88efbe5b8e,Muslim Pro: Quran Athan Prayer,tracker_score,It would be complete with the shalat tracker as a reminder and seeing the progress.,Positive,lexicon,FALSE,4,1,,Neutral,0,,
9644114c-64c8-460e-9419-77df6c08d9b6,Muslim Pro: Quran Athan Prayer,tracker_score,"While i tolerate the unIslamic ads and later notifications (even during the Premium trial!), the app crashed and ruined my streak.",Negative,lexicon,FALSE,2,0,stability_bugs,Negative,0,,
26b21542-8f93-4638-87cc-0c2b9f5c1a27,Muslim Pro: Quran Athan Prayer,ui_design,I love the personl tracker.The azaan in beautiful voices of which we can choose is a very good idea and also the pre azaan alert is excellent.,Positive,lexicon,FALSE,5,0,reminders_adhan,Positive,0,,
c93f4547-efa6-4e77-bb48-add63801d208,صلاتك Salatuk (Prayer time),ui_design,Easy to use.,Positive,lexicon,FALSE,5,0,complexity_bloat,Positive,0,,
02179263-7cdf-4d0f-97f1-f6a95476b4b9,Prayer Times - Qibla & Salah,ui_design,great simplistic and intuitive.,Positive,lexicon,FALSE,5,1,,Positive,0,,
e5129d0c-08ed-4370-9ec2-ca949bf2fa7a,Muslim Pro: Quran Athan Prayer,ui_design,Masha allah it’s so beautiful app i like too much.,Positive,lexicon,FALSE,5,1,,Positive,0,,Masha allah it’s so beautiful app i like too much.
75f4cfda-9547-48fe-84e2-5c87d3723ec5,Muslim Pro: Quran Athan Prayer,ui_design,"Just excited to see the new theme, new page",Positive,lexicon,FALSE,5,1,,Positive,0,,
d10bf95c-0926-4fe4-8e70-2ac4904c4240,Muslim Pro: Quran Athan Prayer,ui_design,good and easy to used,Positive,lexicon,FALSE,4,0,complexity_bloat,Positive,0,,
18c067c7-568c-40cb-9503-ec27249c8f65,Athan: Prayer Times & Al Quran,ui_design,And great modetn UI,Positive,lexicon,FALSE,5,1,,Positive,0,,
2602a894-2118-4b4a-8283-75fb0054fad9,Prayer Times - Qibla & Namaz,ui_design,Kindly increase font size of prayer timings.,Neutral,lexicon,FALSE,3,1,,Neutral,1,,
80e1d836-1935-45bf-a5fa-fc6a754e429d,Muslim Pro: Quran Athan Prayer,ui_design,I'm totally satisfied with this beautiful app.,Positive,lexicon,FALSE,5,1,,Positive,0,,
d36a4697-887f-4ed5-9126-0d141241bab7,Prayer Times - Qibla & Salah,ui_design,"Long-time user and I am very disappointed with the newer design, just another victim of unnessary redesign - something that's been updated that needn't be. || Used to have a better interface and design. || You could change colour before.",Negative,lexicon,FALSE,2,1,,Negative,0,,
21551cd9-e7f4-4776-8225-e4478bc730e5,Athan: Prayer Times & Al Quran,ui_design,Masha 'Allah beautiful app.,Positive,lexicon,FALSE,4,1,,Positive,0,,
333782eb-31f8-4df1-bb28-9264c3554ecd,Prayer Times and Qibla,widgets,Adhan and prayer times widget as well.,Neutral,lexicon,FALSE,5,1,,Neutral,0,,
0c74f6ef-514d-485e-90a4-0707b1ca4d87,"Sajda: Prayer Times, Quran",widgets,"love the widget, love the wallpaper.",Positive,lexicon,FALSE,5,1,,Positive,0,,
78c62c5c-5275-4d8f-b968-48812387fb96,Muslim Bangla Quran Hadith Dua,widgets,"I am using this app more than 3 years, in a word it really a good app with soft widget.",Positive,lexicon,FALSE,5,1,,Positive,0,,
0249426f-5e8e-4678-8d28-230c171beff1,Athan: Prayer Times & Al Quran,widgets,"The time for nex prayer is not being in the list at certain times, which requires me to enter into app, defying the purpose of the widget.",Negative,lexicon,FALSE,5,1,,Negative,0,,
0afb8e03-36da-4b75-b528-45d244a78c7d,Athan: Prayer Times & Al Quran,widgets,"In order to keep using the widget, you have to pay for premium.",Neutral,lexicon,FALSE,1,1,,Neutral,0,,
ac204be2-49e8-41f9-9b2c-f46c28807eac,Muslim Pro: Quran Athan Prayer,widgets,The qibla and prayer time widget were the only things I used from this app.,Neutral,lexicon,FALSE,1,1,,Neutral,0,,
4a318df9-fb9e-4cbf-9fca-ee42ee6c9fc5,صلاتك Salatuk (Prayer time),widgets,Nice widget (design & functionality).,Positive,lexicon,FALSE,5,1,,Positive,0,,
1441c9b8-96d3-4e07-a993-86af255abbd9,صلاتك Salatuk (Prayer time),widgets,The latest update broke the widget and notifications The widget does not switch from minus to plus.,Negative,lexicon,FALSE,3,1,,Negative,0,,
90d0c47f-bbd7-4198-9fd8-d5e07be90141,صلاتك Salatuk (Prayer time),widgets,"I would give it five stars, but the widget keeps glitching and having to be reset.",Negative,lexicon,FALSE,4,1,,Negative,0,,
ed6cad16-9a09-43c8-b8fb-197e80d2127c,Muslim Pro: Quran Athan Prayer,widgets,Please fix the widget issue or else i will unsubscribe from paid or premium members.,Negative,lexicon,FALSE,1,1,,Negative,0,,
e9fa4a73-2f51-4e43-b41c-a781b957bd16,Muslim Bangla Quran Hadith Dua,widgets,Please keep the verse/hadith in the widget.,Neutral,lexicon,FALSE,5,1,,Neutral,1,,
c674ebf1-3015-445a-8da6-c49bb4516f21,Muslim Pro: Quran Athan Prayer,women_period,Masha Allah may Allah grant you brothers and sisters amine,Positive,lexicon,FALSE,5,0,,Neutral,0,,
3fdbeb8d-fc0f-48cc-a12a-d2629dd61b50,Muslim Pro: Quran Athan Prayer,women_period,I just open the Qur'an or Duas but the weird adds of half naked women appear on quranic ayaat which is embarrasing.,Negative,lexicon,FALSE,2,0,ads_intrusive,Negative,0,,
a9e49235-bfb9-41ce-93a7-813c89670854,Muslim Pro: Quran Athan Prayer,women_period,Jazakallah to my brothers and sisters who developed this app.,Positive,lexicon,FALSE,5,0,,Positive,0,,
04b0f875-75c5-4001-8c22-8367127203d6,Athan: Prayer Times & Al Quran,women_period,I feel like I am inside a masjid when the Adhaan comes as a women in a country where going to masjid is not our way of life as its neither an Arab one nor the way built in west where women goes often it brings Me bak the memories of doing hajj with my dad and umrah with my son.,Neutral,lexicon,FALSE,4,0,reminders_adhan,Positive,0,,
c02dc34c-748d-482c-953b-f71376821398,Deen - Islamic App,women_period,as women we have periods 4 to 5 days a month.,Neutral,lexicon,FALSE,4,1,,Neutral,0,,
9ae0b98d-cf80-4877-a5f0-21fb904b3f93,Prayer Times - Qibla & Namaz,women_period,Best app for Muslim brothers and sister on play store there is no add thank you Dawat-e-Islami.,Positive,lexicon,FALSE,5,0,ads_intrusive,Positive,0,,
a161ab9f-a014-4db1-b3e0-8b9084a120cd,Muslim Pro: Quran Athan Prayer,women_period,"As soon as trial period ended and I was charged, I started getting an error saying there's a problem connecting with Google Play Store.",Negative,lexicon,FALSE,1,0,stability_bugs,Negative,0,,
f5e50bf3-f687-4221-8a9d-0cc35870f4d3,Athan: Prayer Times & Al Quran,women_period,Nd also have special feature of women about menstrual holiday.,Neutral,lexicon,FALSE,5,1,,Neutral,0,,
f5c70c7d-746b-488b-aa5c-c8999d2d2f57,Athan: Prayer Times & Al Quran,women_period,Another issue is when it automatically logs out after a period of time and Ihad to sign in my account again which can be really annoying.,Negative,lexicon,FALSE,3,0,stability_bugs,Negative,0,,
a95f8890-9daa-4b9c-8336-12abc31339cd,Athan: Prayer Times & Al Quran,women_period,Great app there is a lot of ads with women.,Positive,lexicon,FALSE,4,0,ads_intrusive,Negative,0,,
bf3565db-c5d2-4cce-8815-d5437457c60a,Muslim Pro: Quran Athan Prayer,women_period,Best App for Muslim Brothers and Sisters.,Positive,lexicon,FALSE,5,0,,Positive,0,,
98f0a6df-0fb6-41ce-9d66-19405d94b703,Athan: Prayer Times & Al Quran,quran_audio,You can learn the Qur'an along with other things that will help and motivate you during the good and bad times while trying to become and stay a good muslim/muslimah.,Positive,lexicon,FALSE,5,1,,Positive,0,,
0d31ea71-1efb-4087-956f-ff6e94371d07,Muslim Pro: Quran Athan Prayer,women_period,I understand they offer an ad free version for money but surely yous have made enough profit of your fellow brothers and sisters to just simply receive great hasanat for providing an ad free for free or even just displaying 1 ad only.,Positive,lexicon,FALSE,1,0,ads_intrusive,Negative,0,,
0158c3f6-9db9-480a-a75e-fc710670abca,Muslim Pro: Quran Athan Prayer,reminders_adhan,Please take note,Neutral,zero-shot,FALSE,1,0,,Neutral,0,,
