reviewId,app_name,score,lang,install_tier,star_band,content_clean,gold_label,annotator,notes,is_overlap,content_en
b558e12a-cf5f-4bab-8c8d-b674a7eef151,Athan: Prayer Times & Al Quran,1,en,10M-100M,1-2,Has a lot of ads,,,,True,
02ae58b6-0c07-45ea-b3f6-0ffa0bcdcd18,Athan: Prayer Times & Al Quran,1,en,10M-100M,1-2,Useless. Athan notifications don't work,,,,True,
8ef19e99-35e7-4348-b8ad-3a303876fa77,Athan: Prayer Times & Al Quran,1,en,10M-100M,1-2,Calls the athan whenever it likes.,,,,True,
cc942e83-faa5-4ba0-91d5-87d0a78f1cbd,Athan: Prayer Times & Al Quran,1,en,10M-100M,1-2,When will yall actually upload all the duas in the dua section??? The night duas used to be there and now they r not. The entire app is just filled with a bunch of haram useless ads.,,,,True,
72257c94-4e75-4ca7-81e3-9e72b0c1b1ac,صلاتك Salatuk (Prayer time),1,en,10M-100M,1-2,best app.It help me for performing Salah at time..,,,,True,
b222afeb-9e45-4b44-b033-b8fc111797b2,Athan: Prayer Times & Al Quran,1,en,10M-100M,1-2,It was set not to ring when my phone is on vibrate yet in class when my phone was on vibrate it rang. Not only was it set not to ring when my phone is on vibrate but it wasn't even set to ring at that time and it did.,,,,True,
84785a19-40db-43e1-a059-86cc2143ac85,Athan: Prayer Times & Al Quran,1,en,10M-100M,1-2,"I am really sick and tired of ads.. this app has everything i want, but these ads annoying me so much that I am now deleting this again, this is being third time i am doing this",,,,True,
65926bad-5a08-4fed-a721-de60ddd3a08a,Athan: Prayer Times & Al Quran,1,en,10M-100M,1-2,poor choice and timing of advertisments.,,,,True,
174b80e7-9405-4cf4-a53e-9728145102b3,Athan: Prayer Times & Al Quran,2,en,10M-100M,1-2,Recently the app has been using a huge amount of RAM (up to 260 MB). This causes other apps like Chrome to freeze.,,,,True,
4e54cc5d-2f53-4c51-9731-20201b908023,Athan: Prayer Times & Al Quran,1,en,10M-100M,1-2,"Assalamu alaikum,, it's always giving timing for makkah only. Evenif you change your also next time when you log in its city is makkah.",,,,True,
a60048fe-e279-498e-afd3-42086da03c28,"Muslim: Prayer, Qibla Finder",1,en,10M-100M,1-2,the first thing that come out when I opened the app is the add. so i just uninstalled it,,,,True,
daac7b3c-0cd9-4f2f-86f0-aa70f54025f0,Athan: Prayer Times & Al Quran,1,en,10M-100M,1-2,"this app is useless if the widget isn't free, also the amount of ads is ridiculous",,,,True,
b81595b6-2ee5-463e-aa88-3d25faf0cd32,Athan: Prayer Times & Al Quran,1,en,10M-100M,1-2,"Saw an ad for DraftKings on this app, stay away from using this app at all. I paid for it years ago and even so I can't use it as a widget without crashing. The app is now much too bloated",,,,True,
a6325784-22b8-48b5-a95b-c41365a69eca,Athan: Prayer Times & Al Quran,1,en,10M-100M,1-2,Alhamdulillah best app for islamic knowledge,,,,True,
472ccf5d-7018-4b86-a50a-3ed267344483,صلاتك Salatuk (Prayer time),1,en,10M-100M,1-2,"The winter time is wrong, I've been praying an hour late because of that. Please fix this!",,,,True,
909e82d5-831c-43aa-bc68-03ea4418133f,"Sajda: Prayer Times, Quran",1,en,10M-100M,1-2,very unaccurate and not good,,,,True,
13ae731a-44e6-4ef8-a305-c9c65e9afec8,Athan: Prayer Times & Al Quran,1,en,10M-100M,1-2,Now premium is a monthly fee,,,,True,
d009e554-50b2-4709-aa4c-0e89eb2cbb12,صلاتك Salatuk (Prayer time),1,en,10M-100M,1-2,i always got notification saying the app is close bc it doesn't work properly,,,,True,
2bb10df3-b4ae-4fd4-ae28-e5bbe2677b57,Athan: Prayer Times & Al Quran,1,en,10M-100M,1-2,"Why keep on giving me wrong notification, it always like this. For example: Not even Isya yet but telling me its Isya. And all other prayer. I will give more star if it fixed.",,,,True,
c4fe1f35-d060-4f35-95bc-e5972ac48bc1,Athan: Prayer Times & Al Quran,2,en,10M-100M,1-2,Can't turn off or stop athan,,,,True,
fbcc91e1-272d-4f4a-b54c-db37521764cf,صلاتك Salatuk (Prayer time),1,ar,10M-100M,1-2,التطبيق كان جيد لكنه بعد آخر تحديث يعطي مواعيد خاطئة للصلاة في الأردن,,,,True,"The application was good, but after the last update it gave incorrect times for prayer in Jordan"
a0479ea7-d89e-42f0-ab0c-06c2927ddc6b,Salaat First: Prayer Times,1,ar,10M-100M,1-2,وقف تماما على الساعه و سالغي التطبيق,,,,True,Completely stop the watch and cancel the application
58f8943a-9ae6-498e-81f3-b22f0019d303,Athan: Prayer Times & Al Quran,1,ar,10M-100M,1-2,البرنامج لا يعمل بصورة صحيخة فيه بعض الأغلاط,,,,True,The program does not work properly and has some errors
77d23030-e3ef-465b-8f81-83f62b21109e,صلاتك Salatuk (Prayer time),2,ar,10M-100M,1-2,بعد التحديث الاخير أصبح سيئا للغاية,,,,True,After the last update it became very bad
f99041d8-61ac-4279-9086-dd66450752a4,صلاتك Salatuk (Prayer time),1,ar,10M-100M,1-2,يوجد مشاكل به أصبح منذو فترة لا يآذن,,,,True,"There are problems with it, and it has been no longer permissible for a while"
3ab0a9b7-b843-4ba8-a4e0-c76c6c3ea172,"Muslim: Prayer, Qibla Finder",1,ar,10M-100M,1-2,كل ضغطة زر إعلان كل ثانية إعلان,,,,True,"Every click of a button is an advertisement, every second is an advertisement"
3b28052e-93f4-4cdc-83b1-dcab17d96a3b,صلاتك Salatuk (Prayer time),1,ar,10M-100M,1-2,لايعمل بطريقه صحيحة وبيعلق ولا يؤذن علي اسوس سيلفي,,,,True,It does not work properly and it hangs and does not give permission on the Asus Selfie
e58b68e1-50b7-4267-a06f-e4fe0ff37dec,Athan: Prayer Times & Al Quran,1,ar,10M-100M,1-2,لا يسوى شيء وهل يوجد برامج إسلامية بالمال,,,,True,Nothing is worth it. Are there Islamic programs with money?
df6e326b-3b26-41e3-8dbd-4bb3210910ec,صلاتك Salatuk (Prayer time),1,ar,10M-100M,1-2,التطبيق ممتاز ولاكن قمة بازالته بسبب الزام سماح صلاحية الموقع. السؤال لماذا؟؟,,,,True,"The application is excellent, but it is necessary to remove it due to the site permission requirement. The question is why??"
6935751f-9c13-470a-b8b6-e0d16b02310b,صلاتك Salatuk (Prayer time),1,ar,10M-100M,1-2,حاجه واحدة اريدها ان تسمحوا لي ان اخفي الاشعار الذي يظهر في الاشعارات من مؤقت للصلاه,,,,True,One thing I want is for you to allow me to hide the notification that appears in the notifications from the prayer timer
6a73709a-b81e-46ec-82bb-3e11cff48bd9,صلاتك Salatuk (Prayer time),2,ar,10M-100M,1-2,كل شوية يفصل ويعطل الحاجة اللي بعملها يطلعلي زي المسمار عاوز عربي ولا انجليزي ويحدد الموقع بسلامته والويبجيت كل شوية تعلق سنين عالمال دهومابيتحسنش,,,,True,كل شوية يفصل ويعطل الحاجة اللي بعملها يطلعلي زي المسمار عاوز عربي ولا انجليزي ويحدد الموقع بسلامته والويبجيت كل شوية تعلق سنين عالمال دهومابيتحسنش
19735d1f-6be1-4014-9ac9-abf9c7063880,صلاتك Salatuk (Prayer time),1,ar,10M-100M,1-2,السلام عليكم، أنا مستخدم لهاتف Huawei P30 Lite. عند تشغيل تطبيق صلاتك، يتوقف عند شاشة اختيار اللغة ولا تظهر أي خيارات، مما يمنعني من استخدام التطبيق. قمت بتحديث التطبيق ومسح بياناته وإعادة تثبيته دون جدوى. أرجو منكم المساعدة في حل المشكلة. جزاكم الله خيراً.,,,,True,"Peace be upon you, I am a user of Huawei P30 Lite. When I launch the Salatak application, it stops at the language selection screen and no options appear, which prevents me from using the application. I updated, cleared and reinstalled the app to no avail. Please help solve the problem. May God reward you."
685b9f66-d2fb-496f-9d0d-804d6bc0eb10,صلاتك Salatuk (Prayer time),2,ar,10M-100M,1-2,التطبيق كان بصيغته القديمة احسن,,,,True,The application was better in its old form
ee970817-b1a8-4a11-aa7e-38786daa3199,صلاتك Salatuk (Prayer time),1,ar,10M-100M,1-2,برنامج معقد وشاشاته غير سهله وغير منظمة فعلا لابد من ازالته والبحث عن برنامج اسهل من هذا,,,,True,It is a complex program and its screens are not easy and disorganized. It is really necessary to remove it and look for an easier program than this
fe61f905-7775-4d56-a544-d68e9a355d94,Athan: Prayer Times & Al Quran,1,ar,10M-100M,1-2,لا نجوم بعد اليوم برنامج مليء بالإشعارات أكثر إلتزامكم بالإشعارات من التنبيه بمواقيت الصلاة ثم لماذا السوأل هل صليت ؟ هل صليت الصلاة لله أم للتطبيق (app ) أعطيتكم نجمة فقط بسبب سياسة google,,,,True,"No stars after today, a program full of notifications. You are more committed to notifications than to alerts about prayer times. Then why the question: Did you pray? Did you pray the prayer to God or to the app? I gave you a star only because of Google's policy"
b212cd37-299b-4628-80cc-88bfefd79132,صلاتك Salatuk (Prayer time),1,ar,10M-100M,1-2,برجاء الهتمام بصوت الذان و الشعرات من اخر تحديت و الاشعارات مش مظبوطه,,,,True,"Please pay attention to the voice of the call to prayer and poetry from the last update, as the notifications are not correct"
93401f67-f34a-4f9e-91c0-1be258860dfd,صلاتك Salatuk (Prayer time),1,ar,10M-100M,1-2,في مشكلة بالتحديث الاخير لانو دايما ع توقيت مكه مهما اعدل بالموقع برجع لمكه وانا سكان عمان,,,,True,"There is a problem with the latest update because it is always on Mecca time. No matter how much I modify the site, I will return to Mecca and I live in Amman."
92825b16-2fc7-4686-b12b-fa5239e286d2,صلاتك Salatuk (Prayer time),1,ar,10M-100M,1-2,من بعد آخر تحديث والتطبيق لا يعمل بشكل صحيح... أرجو إلغاء التحديث الأخير. app keeps crashing and not notification for adhan. please resolve the issue.,,,,True,"After the latest update, the application is not working properly... Please cancel the latest update. The app keeps crashing and no notification for adhan. Please resolve the issue."
62ed5d8a-a448-4456-bcf1-cf491966d0a5,صلاتك Salatuk (Prayer time),1,ar,10M-100M,1-2,التحديث الأخير سئ جدا وشكله غير مقبول الأصدار القديم افضل حزفت البرنامج,,,,True,The latest update is very bad and its appearance is unacceptable. The old version is better than downloading the program
5729aa06-5fb7-47ed-bd1e-c600cfe2b056,صلاتك Salatuk (Prayer time),1,ar,10M-100M,1-2,سىء جدا جدا جدا و لا يؤذن رغم ضبط كل شىء و ظهور علامة المنبه بشريط التنبيهات .. oppo f9 ازداد سوءا و تعقيدا بعد التعديلات الاخيرة,,,,True,"Very, very, very bad, and it does not give the call to prayer even though everything is set and the alarm sign appears in the notifications bar.. Oppo F9 has become worse and more complicated after the recent modifications."
db3556a3-57a2-4ee5-bfe1-26c19cb65734,Athan: Prayer Times & Al Quran,3,en,10M-100M,3,Unable to log prayer. It says can't create an account now...,,,,True,
11cdafbb-ba3b-431c-abcf-b98462212541,Athan: Prayer Times & Al Quran,3,en,10M-100M,3,Azan are not sound sometimes it's missing azans,,,,True,
92050380-3a43-4586-8268-3bea3b15a452,Athan: Prayer Times & Al Quran,3,en,10M-100M,3,Its a very useful app but the ads are not cool and keep popping up every time especially ads that are not Islamic. Would have give 5 but the ads,,,,True,
1a12c8e3-f25f-4a6d-b0ea-53d9e0105da7,Athan: Prayer Times & Al Quran,3,en,10M-100M,3,I've been using this app for abt a yr now and it has been very useful for me but recently whenever I go to log my prayers the app crashes and exits it. Pls fix this or tell me how I can fix it.,,,,True,
0fac3400-5dab-4492-b081-aae0e7400c9e,Salaat First: Prayer Times,3,en,10M-100M,3,"It was working fine, then Adhan wasn't playing anymore, I just get notifications in prayer time. I uninstalled it and installed it again but it is still not working , it is unfortunate because I really like how the application is easy to use, I really like the remembrence figures in it, I hope they can fix the adhan problem.",,,,True,
55671012-eb18-4e7d-943b-9001282f63d4,Athan: Prayer Times & Al Quran,3,en,10M-100M,3,"Following are some suggestions for the dev team: 1) If the area of daily goals adds the feature of letting the users edit/add any goal of their choosing. 2) The ability to upload Surah's, Duas and other religious data by taking a picture through the app to add them in the users daily goals 3) To have the ability to reorder any supplications, Surah's, Tasbeeh's according to the requirements of the user's need & situations in the application then it would be a great addition to this awesome app",,,,True,
13e09508-4542-45be-8047-49b6753fd9d4,Athan: Prayer Times & Al Quran,3,en,10M-100M,3,The app is very much useful... After installing the app got kots of bugs.. Always location changes to MAKKAH...widget problem.... Plz fo fix all errors....,,,,True,
e7d88e1c-4e5a-4289-8b2e-2e28b23e439f,صلاتك Salatuk (Prayer time),3,en,10M-100M,3,"something wrong with huawei mate 10 wedget, it doesn't update prayers times!!",,,,True,
336b8073-6819-43ab-9be1-329a687d97f2,Athan: Prayer Times & Al Quran,3,en,10M-100M,3,There are some mistakes in the translation I pointed out 3 mistakes till now the whole translation is wrong,,,,True,
c5a54975-4c38-4667-9aff-23b0aad8fe20,Athan: Prayer Times & Al Quran,3,en,10M-100M,3,All are super and I useful but Adan is not working with out network,,,,True,
89f715e4-c450-4842-91c4-3ea878b4628c,صلاتك Salatuk (Prayer time),3,en,10M-100M,3,"nice application for its purpose, convenient and accurate for any location worldwide. just need to have more Azans from other Sheikhs like Menshaey and Abdul Bassett.",,,,True,
249178d9-51a7-46e8-9d38-854df610bdbf,Athan: Prayer Times & Al Quran,3,en,10M-100M,3,azan stopped after last update ?!! plus filter the ads as we get unexpected ads totally in offended way,,,,True,
2a70595d-79e7-4242-adea-156ecc177c41,صلاتك Salatuk (Prayer time),3,en,10M-100M,3,"The problem i face is during the ring of azan, the music player opens and it remains in the lock screen. Please fix the bug.",,,,True,
d07cff01-247b-4f71-b54c-b8c786816ba4,Athan: Prayer Times & Al Quran,3,en,10M-100M,3,Compass doesn't properly show qibla direction. There is no way to change juristic method of prayer time calculation.,,,,True,
83e83dc1-4cdd-4e39-8040-c9b611f9f91f,Athan: Prayer Times & Al Quran,3,en,10M-100M,3,Great app... But the widget is actually 4x1. But it unncssary takes space of 4x2,,,,True,
431c596c-97e2-4857-a201-bd45bbb25621,Athan: Prayer Times & Al Quran,3,en,10M-100M,3,"I subscribe to the pro version of this app, after that the prayer calls starts without any reason on not on time like the free version, and I had to cancel my subscription",,,,True,
046ecc37-0f0c-43ec-942e-0e8ec8e67e94,صلاتك Salatuk (Prayer time),3,en,10M-100M,3,This is important in all muslim..in Shaa Allah..,,,,True,
6e48c6ec-7634-45e3-89f0-fd0ac92b42f4,صلاتك Salatuk (Prayer time),3,en,10M-100M,3,Please fix the apps because it displays incorrect praying time on my location (Indonesia).,,,,True,
4526ed35-40be-40fa-87f1-bc8fbc5534cd,صلاتك Salatuk (Prayer time),3,en,10M-100M,3,"It does not notify me about prayer at all,it does not even vibrate",,,,True,
7a113ea5-9d64-4d4d-9d6e-74648926c5e4,Athan: Prayer Times & Al Quran,3,en,10M-100M,3,its great but u should add the complet islamic calendar other than Gregorian becose we already have Gregorian calendar on the screen everyone on every phone. i only see important dates of islamic calender not the complete calender,,,,True,
eca5bc74-dd74-45f8-bd65-df67228fa44e,Salaat First: Prayer Times,3,ar,10M-100M,3,أظن أنه يجب إضافة الركعات,,,,True,I think the rak'ahs should be added
56c6aecf-81c1-478f-8ff4-868116af14f6,صلاتك Salatuk (Prayer time),3,ar,10M-100M,3,جزاكم الله خير الجزاء وجعل عملكم خالصا لوجه وجعل في ميزان حسناتكم يوم لا ينفع مال ولا بنون . صراحة إنه تطبق جيد جدا وأرجوا من الأخوة أن يقوموا دائما بتطويره حتى يكون صالحا لكن زمان ومكان. وشكرا لكم فقد أفدتم وأجزتم,,,,True,
4843c70f-03e4-48f8-af9b-3eb70a27da5d,صلاتك Salatuk (Prayer time),3,ar,10M-100M,3,يا حبذا لو تم ادخال التوقيت الصلاة لجميع دول العالم,,,,True,"Oh, it would be nice if prayer times were introduced for all countries of the world"
453b352c-314f-43f6-af19-d862ad0b4340,صلاتك Salatuk (Prayer time),3,ar,10M-100M,3,التحديثات الاخيرة جدا مزعجه، النوتفيكشن مستمر في كل وقت وليس في اوقات الصلاة. الرجاء تعديله وارجاعه كالسابق.,,,,True,The latest updates are very annoying. Notification continues all the time and not during prayer times. Please modify it and return it as before.
ec193a91-d2af-48e9-b459-0606be6669a3,Salaat First: Prayer Times,3,ar,10M-100M,3,التطبيق في العادة جيد جدا و أشكر جهودكم و تفانيكم ، لكن بعد اخر تحديث و هو اليوم ، لم يعد التوقيت الهجري صحيحا ، فاليوم هو عاشوراء اليوم العاشر من شهر محرم المقابل ليوم 5 يوليو ، لكن في التطبيق يكتب ان اليوم هو التاسع من شهر محرم و هذا خطأ ، أرجو منكم اصلاح هذا الخطأ الفادح! التطبيق لم يعد يعمل بشكل جيد ، لم يعد التطبيق يضع التنبيهات للصلوات بالأذان,,,,True,"The application is usually very good and I thank you for your efforts and dedication, but after the last update, which is today, the Hijri time is no longer correct. Today is Ashura, the tenth day of the month of Muharram, corresponding to July 5, but in the application it says that today is the ninth of the month of Muharram, and this is an error. I ask you to fix this grave error! The application no longer works well, the application no longer sets alerts for prayers with the call to prayer"
3a9e5f26-54fb-4227-88fb-73d7ca83851e,صلاتك Salatuk (Prayer time),3,ar,10M-100M,3,التطبيق يحتاج لتحديث ضروري جدا للأندرويد هواوي. تحياتي,,,,True,The application needs a very necessary update for Android Huawei. my regards
3316bbca-3d5a-4383-b09f-3252ca4a2d70,صلاتك Salatuk (Prayer time),3,ar,10M-100M,3,البرنامج كان جيد جداً .. ولكنه الآن يعطيني توقيت غير منطقي .. ارجو منكم ايضاح السبب,,,,True,The program was very good.. but now it gives me an irrational timing. Please explain the reason
97f6b86b-ccb3-44d6-8245-22172fbf8d7b,صلاتك Salatuk (Prayer time),3,ar,10M-100M,3,",لا يعمل علي اصدار 6 مرشملوه",,,,True,It does not work on Marshmallow version 6
888e3626-ca4d-4b36-8fae-a5abd388c72b,صلاتك Salatuk (Prayer time),3,ar,10M-100M,3,توقيق صلاة المغرب في جدة غير صحيح,,,,True,The timing of the Maghrib prayer in Jeddah is incorrect
a47b4518-124a-4196-8b25-8185adaaf085,صلاتك Salatuk (Prayer time),3,ar,10M-100M,3,الاذان للمغرب والعشاء غير صحيح,,,,True,The call to prayer for Maghrib and Isha is incorrect
fd046b8e-5629-44f5-892d-f89f7b090344,صلاتك Salatuk (Prayer time),3,ar,10M-100M,3,٠٠٠ ٠ ح٠ ٩٠زحط٠٩0 89990 i ح٠، ٠ . 0٠ ٠ ط,,,,True,٠٠٠ ٠ ح٠ ٩٠زحط٠٩0 89990 i ح٠، ٠ . 0٠ ٠ ط
a3b3abad-f372-4dfa-9a38-5faeb17f9da0,صلاتك Salatuk (Prayer time),3,ar,10M-100M,3,هو كويس بس مافيه بس اوقات صلاة و بوصلة لا اكثر اتمنى لو تضيفو اذكار و القرآن و أدعية اذا ممكن و شكراً,,,,True,هو كويس بس مافيه بس اوقات صلاة و بوصلة لا اكثر اتمنى لو تضيفو اذكار و القرآن و أدعية اذا ممكن و شكراً
d51fc196-947b-440d-be08-a83d6e5bd747,صلاتك Salatuk (Prayer time),3,ar,10M-100M,3,بدأ التطبيق منتظما فى أوقات الأذان ثم صار يغفل الأذان فى بعض الصلوات بالتبادل فمثلا فى يوم يفوت أذان الفجر وفى آخر يفوت أذان الظهر وهكذا لا يفوت يوم دون أن يفوت أذانا واحدا على الأقل,,,,True,"The application began regularly at the times of the call to prayer, then it started neglecting the call to prayer in some prayers alternately. For example, on one day it missed the call to prayer for dawn and on another day it missed the call to prayer for noon, and so on, not a day goes by without missing at least one call to prayer."
181af7f3-dfab-417d-9200-403a307c5344,Salaat First: Prayer Times,3,ar,10M-100M,3,ليس هناك فقره لصلاة الجمعه منفرده و الوضع الصامت لصلاة العشاء قصير لوجود التراويح,,,,True,"There is no break for the Friday prayer alone, and the silent mode for the evening prayer is short due to the presence of Tarawih prayers"
4f5268fe-9928-4be1-a4c0-66ff2aad2b96,صلاتك Salatuk (Prayer time),3,ar,10M-100M,3,التشكيل الجديد لم يعجبني 7/8/2020,,,,True,I did not like the new formation 8/7/2020
db2c3385-1c6b-4433-a791-26d77cb097c2,صلاتك Salatuk (Prayer time),3,ar,10M-100M,3,تليفونى لينوفو s90للاسف اتجاه القبله لايعمل ابداااا,,,,True,تليفونى لينوفو s90للاسف اتجاه القبله لايعمل ابداااا
114ae994-2501-49bc-8098-a923624b46db,صلاتك Salatuk (Prayer time),3,ar,10M-100M,3,انا بحب البرنامج دة جدا بس مش عارفة بقي بيحدد الموقع في مكة وانا في مصر! مواعيد الصلاة غير صحيحة,,,,True,"I love this program very much, but I don't know whether the location is Mecca and I am in Egypt! Prayer times are incorrect"
2a32eb52-8ab4-40e6-aebe-db8bf73b0f63,صلاتك Salatuk (Prayer time),3,ar,10M-100M,3,كان ممتاز بأتجاه القبله ودقيق جدآ، لكن بعد التحديثات الاخيره، لم تعد القبله تعمل بالشكل الصحيح، صارت تلخبط!!! صلحوها جزاكم الله كل خير :-),,,,True,"It was excellent with the direction of the kiss and very accurate, but after the latest updates, the kiss no longer worked properly, it became confusing!!! Fix it, may God reward you with all the best :-)"
02df2a91-4416-4e8d-aebf-af5e9709a4a3,Salaat First: Prayer Times,3,ar,10M-100M,3,التطبيق لا يحدث التاريخ حسب المنطقة,,,,True,The application does not update the date by region
d1550001-b742-4bbc-b141-1a5734a06e15,Athan: Prayer Times & Al Quran,3,id,10M-100M,3,Waktu solat Kuala Lumpur tidak tepat seperti waktu solat dari Jakim,,,,True,Kuala Lumpur prayer times are not exactly like the prayer times from Jakim
e1262beb-4ce8-43c4-9c9e-07d701ebb7bb,صلاتك Salatuk (Prayer time),5,en,10M-100M,4-5,this app make me happy,,,,True,
4d9e9da2-3d71-42c5-9aad-1f6fd3db09c9,صلاتك Salatuk (Prayer time),5,en,10M-100M,4-5,This is an amazing app. Always helps me about prayers timings. Direction of Qiblah etc.,,,,True,
1cefeb8f-c5a9-45a6-84d5-0b3c0e4ee549,صلاتك Salatuk (Prayer time),5,en,10M-100M,4-5,"Amazing work , Masha Allah",,,,True,
f177d595-e7bd-4a80-b635-8b3c01a8d182,صلاتك Salatuk (Prayer time),5,en,10M-100M,4-5,Friendly interface. I like when prayer time change automatically while traveling,,,,True,
04bc98fb-6a3b-426b-a8b7-58684f1b51c7,Athan: Prayer Times & Al Quran,5,en,10M-100M,4-5,it has become part of my life in fulfiliing my religious obligations,,,,True,
289ae82a-87a1-4439-a56a-33b443ce9866,صلاتك Salatuk (Prayer time),5,en,10M-100M,4-5,"All praises are do to Allah to such a great app, and thanks to the people who made this available to Muslims. May Allah bless them all.",,,,True,
1350a848-20cd-4353-a8f8-5e2b4cccc323,Athan: Prayer Times & Al Quran,5,en,10M-100M,4-5,"It is simple , beautiful and accurate .",,,,True,
a18a8f18-d029-4e08-a675-d61dbdb515f5,Athan: Prayer Times & Al Quran,5,en,10M-100M,4-5,Gets the job done in a time of such chaos,,,,True,
bcdd55f7-8d15-4062-a1ac-372676b07499,صلاتك Salatuk (Prayer time),5,en,10M-100M,4-5,Absulttly accurate app. happy to use this unique type of app. Thanks.,,,,True,
f491f677-b058-477e-b7fa-4d6fe35c5db6,Athan: Prayer Times & Al Quran,5,en,10M-100M,4-5,"Works perfectly, love the daily duas and the tracker that keeps ypur place when reading the Quran so you can easily recors your khatems.",,,,True,
ea930364-e943-4c9d-9afe-c3ff20f115a0,Athan: Prayer Times & Al Quran,5,en,10M-100M,4-5,Has really help me alot,,,,True,
1bc9f677-0efb-43e7-a1e9-13086a2dbd2a,Athan: Prayer Times & Al Quran,5,en,10M-100M,4-5,great way to know and helps you keep track of things,,,,True,
07054760-4603-4d09-b7f1-7d881b05b112,Athan: Prayer Times & Al Quran,5,en,10M-100M,4-5,I love it is thé best it tell me the time i have to pray i love u allah,,,,True,
80a2659d-8097-4700-a2dd-bc61e6d9e597,Athan: Prayer Times & Al Quran,5,en,10M-100M,4-5,The best Athan experience you can ONLINE,,,,True,
a3511185-b8c4-479e-8107-10336c9d9bb8,Athan: Prayer Times & Al Quran,5,en,10M-100M,4-5,Awesome App...but the appearance of ad very frequently while reciting Quran or reading any dua distorts the concentration,,,,True,
77b14898-8c6d-4013-970c-d189f5fa4587,صلاتك Salatuk (Prayer time),5,en,10M-100M,4-5,this is a very religious and good app,,,,True,
d6307c2e-7072-43b8-9425-91a16222f44d,Athan: Prayer Times & Al Quran,5,en,10M-100M,4-5,this is really very very good application.,,,,True,
9f1893d1-63c4-4a48-a59e-5d76d3a2e1d1,صلاتك Salatuk (Prayer time),5,en,10M-100M,4-5,Useful app Allah bless you all,,,,True,
56713ca0-8a47-40a1-a442-16b3b237cd97,صلاتك Salatuk (Prayer time),4,en,10M-100M,4-5,it is very good and important applications..,,,,True,
a61345ce-b5a6-4d49-9078-a95346bbe199,Athan: Prayer Times & Al Quran,5,en,10M-100M,4-5,Great app i like it,,,,True,
f055b33d-1a23-4f14-94d9-93c4a42ae866,Deen - Islamic App,3,bn,<1M,3,"কালেমা তাওহীদ, তামজিদ দুটোই ভুল।",,,,False,Both Kalema Tawhid and Tamjid are wrong.
d413405d-c6ce-4f5f-b87c-949ca2a6158f,Muslim Muna Adhan Prayer Quran,3,ar,<1M,3,يحتاج الى تحسينات ويرجى إضافة اذكار الصباح والمساء ويدجت الصلاوات,,,,False,It needs improvements. Please add morning and evening remembrances and prayer widgets
18fdfb8b-363a-4d73-9e71-6e3de30c1d1c,Deen - Islamic App,3,uk,<1M,3,plz add bangla widget. add colorful wi/get,,,,False,plz add bangla widget. add colorful wi/get
5e26c3e4-83f6-4434-bbb5-86835a56b6a5,iQIBLA Life,3,id,<1M,3,"Terima kasih kepada semua yang terlibat, sangat berguna untuk saya.",,,,False,"Thanks to all involved, very helpful for me."
e4c16a6f-4460-4705-b01d-9f31eee78132,Deen - Islamic App,3,bn,<1M,3,সুবহে সাদিকের শেষ সময় দেয়া নেই। সুবহে সাদিক আজানের ৮ থেকে ১০ মিনিট আগে হয়। তখন খাবার খেলে রোজা হয় না। এছাড়া বাকি সব ঠিক আছে। আশা করি রমজানের আগে আপডেটটা আনবেন,,,,False,Subah Sadiq's end time is not given. Subhe Sadiq is 8 to 10 minutes before Azan. Then eating food does not break the fast. Everything else is fine. Hope to bring the update before Ramadan
5a12d089-d196-4bd7-9166-b96186de32b5,Deen - Islamic App,3,bn,<1M,3,মাজহাব অনুযায়ী সময় নির্ধারণ কতটুকু সঠিক??,,,,False,"According to Madhhab, how accurate is the timing?"
79696e92-1119-4a3d-a363-49a620079f2d,Deen - Islamic App,3,bn,<1M,3,"ঢাকায় সেহরি ও ইফতারের সময় মিলছে না,,,,",,,,False,"Sehri and Iftar timings do not match in Dhaka,,,,"
949a24a2-4d88-41c2-b714-b5e19770615d,Deen - Islamic App,3,bn,<1M,3,নামাজের সময়সূচী সহ বাংলা widget চাই,,,,False,Want Bengali widget with prayer schedule
b7a5233f-b59a-4613-bb97-aa17b00caf5e,iQIBLA Life,3,ar,<1M,3,لو حد عنده مشكلة في التوصيل يكتب أرقام في خانة ال username,,,,False,"If someone has a connection problem, write numbers in the username field"
7c2c7474-e514-4317-9026-db5b1d800bdd,Deen - Islamic App,3,bn,<1M,3,"আপনাদের এটা জানা থাকা উচিত যে ইসলামিক ক্যালেন্ডার সন্ধ্যার পর পরিবর্তন হয়। আপনাদের অ্যাপে ইসলামিক ক্যালেন্ডার পরিবর্তন হচ্ছে রাত ১২টার পর!!!! দয়া করে এটা ঠিক করে দিন এই যেমন আজ ১১তম তারাবিহ পড়ার পরও অ্যাপে(11th march 11:44pm) তারিখ দেখাচ্ছে ১০ রমজান, কারণ এটা রাত ১২টার পর পরিবর্তন হবে,,",,,,False,"You should know that the Islamic calendar changes after dusk. Islamic calendar is changing in your app after 12 midnight!!!! Please fix it like today even after reading 11th taraweeh in app (11th march 11:44pm) the date is showing 10th Ramadan, because it will change after 12pm."
f2e1f72a-dd12-4bbc-ac4f-636477bcb877,Deen - Islamic App,3,ar,<1M,3,"للاسف لا يوجد لغة العربية i hope you add arabic soon, this will be perfect for me if it support arabic language",,,,False,"Unfortunately, there is no Arabic language. I hope you add Arabic soon, this will be perfect for me if it supports Arabic language"
a82c4aec-5e58-448d-9a45-b78420e81cef,Deen - Islamic App,3,bn,<1M,3,অফলাইনে থাকলে অডিও কেন শোনা যায় না?,,,,False,
3d264c26-0be8-4bf9-b60b-e469052d6909,Deen - Islamic App,3,bn,<1M,3,"ভালো তবে সাথে আযান যোগ করলে ভালো হতো, ভেবে দেখার জন্য অনুরোধ রইলো।",,,,False,"Good, but it would have been better to add the call to prayer, please consider it."
83a7582c-dbcf-445a-9f68-20dbb5da5455,Deen - Islamic App,3,bn,<1M,3,"৩টা স্টার দেয়ার কারণ হলো, আমি এপের নোটিফিকেশন অফ করে রাখছি, তাই প্রতিবার এপে প্রবেশ করতে চাইলে সেটিংস চেঞ্জ করতে বলে। যেটা খুবই বিরক্তিকর।",,,,False,"The reason for giving 3 stars is because I have turned off the app's notifications, so every time I want to enter the app, it asks me to change the settings. Which is very annoying."
7c40e9fe-c46f-4b14-85a6-9d8de44a9c9d,Deen - Islamic App,3,bn,<1M,3,আমাদের পার্থিব জীবন পরিচালনার ক্ষেত্রে কোরআন ও হাদীসের আলোকে চলা অপরিহার্য। সেই লক্ষ্যে প্রথম পর্যায়ে পবিত্র কোরআনের যেসব আয়াত এবং হাদীসের মধ্যে যেসব হাদীস বাস্তব জীবনে মেনে চলা একান্ত প্রয়োজন সেগুলো ধারাবাহিক ভাবে উপস্থাপন করলে আমরা বেশি উপকৃত হব । ধন্যবাদ।,,,,False,"It is essential to follow the Qur'an and Hadith in the conduct of our worldly life. For that purpose, in the first stage, we will benefit more if we consistently present the verses of the Holy Qur'an and the hadiths which are strictly necessary to be followed in real life. thank you"
45fcf4bd-3725-469d-8a60-3ada53729b05,iQIBLA Life,3,id,<1M,3,tolong perbaiki sistem apknya kadang error,,,,False,please fix the apk system sometimes it errors
d13d313b-a886-4613-88e2-7c4d68fd24d8,"Sadiq: Prayer, Quran, Qibla",3,ar,<1M,3,التطبيق جميل جدا اللهم بارك لكن أوقات الصلاه غير صحيحة لدولة مصر لأنه لا يوجد طريقة لتفعيل التوقيت الصيفي أرجو ادخال السماح للتحويل بين التوقيت الشتوي و الصيفي جزاكم الله خيرا,,,,False,"The application is very beautiful, God bless, but the prayer times are incorrect for the country of Egypt because there is no way to activate daylight saving time. Please enter permission to convert between winter and summer time. May God reward you with good."
fcdf74ba-42a1-4f21-845e-7a3456537049,iQIBLA Life,3,es,<1M,3,Add hijir calender on ring screen,,,,False,Add hijir calender on ring screen
71988708-8a8d-4cca-84f7-6dfdbd926936,iQIBLA Life,3,ar,<1M,3,يتم فصل اقتران الخاتم بالهاتف عده مرات و قد قمت بتشغيل البرنامج في الخلفيه و السماح له بالبيانات في الخلفيه ايضا و مع ذلك ينفصل بشكل متكرر,,,,False,"The ring disconnected from the phone several times. I ran the program in the background and allowed it to access data in the background as well, but it disconnected repeatedly."
dde7d0bb-f98f-4f72-914c-c624012ecbeb,iQIBLA Life,3,id,<1M,3,Banyak waktu dan arah kiblat tidak tepat PERBAIKI,,,,False,Many times and the direction of the Qibla is not correct. CORRECT
895a986f-5cf3-47fd-a460-d5ed4739491b,Everyday Muslim - Pray tracker,5,en,<1M,4-5,Alhamdulillah. Very helpful apps for Ireland.,,,,False,
417b365f-3e7c-4824-b184-525d64558654,"Sadiq: Prayer, Quran, Qibla",5,en,<1M,4-5,everything important in one place,,,,False,
50034451-1734-4727-bcae-623367922a36,Pillars: Prayer Times & Qibla,5,en,<1M,4-5,"I am satisfied with this app. This app is very helpful when it comes to salaat, fasting and just keeping us together during the day. Focus is on what's important. ALLAH!",,,,False,
8ed02ab2-22b7-4bf0-bf5c-29f9f1da5db4,Pillars: Prayer Times & Qibla,5,en,<1M,4-5,Best app for tracking namaz,,,,False,
acc92ce1-b5ec-4f43-ac52-f96ffb800776,Everyday Muslim - Pray tracker,5,en,<1M,4-5,"The interface is amazing maashallah, what do you think about open sourcing this app?",,,,False,
ee0e700c-1f1c-46d4-90e7-9766cd967f4f,Deen - Islamic App,4,en,<1M,4-5,"it's amazing I totally recommend it , can you just please add daily (morning/evening) dhikr",,,,False,
0a00a5f2-4007-4364-a94c-ddf9262dee9d,Everyday Muslim - Pray tracker,5,en,<1M,4-5,"Best app for All ,",,,,False,
ed75d85a-fd63-46f1-abd1-cfbb93ef0026,Deen - Islamic App,5,en,<1M,4-5,Its a fantastic app. You will have every single essential services. Just loved it.,,,,False,
809cd9a0-cacf-4434-9c55-16574456feca,iQIBLA Life,4,en,<1M,4-5,I am using flex pro zikr ring I entered 10k count but it's not synced Plz update the app that it will synced properly,,,,False,
6e80ca82-6c55-4781-82aa-4f4b3e6f46df,Everyday Muslim - Pray tracker,5,en,<1M,4-5,this is a great app!! please add 4x1 Widgets,,,,False,
a7ea8ec9-3647-4770-8794-5972fc0eae0a,iQIBLA Life,4,en,<1M,4-5,Very good Mashallah Charjar very is not good,,,,False,
a9f5c673-eb11-4307-99f5-aa33fa2a4593,"Sadiq: Prayer, Quran, Qibla",5,en,<1M,4-5,"I rarely do app reviews...but this app has been a game changer when it comes to the prayer sspect of my life the interface is well thought with convinient features...speacially the Qur'an and unlike most free apps there is no annoying ads,deserving 5 star..",,,,False,
b8fbbfb5-f0b6-425d-b8d8-5a358b56c286,Deen - Islamic App,5,en,<1M,4-5,one of the best Apps. but it will better if theres sign in option to keep the data safe.,,,,False,
4e9a8c01-1d25-4087-bff1-c231b7f15d5c,Everyday Muslim - Pray tracker,4,en,<1M,4-5,Interesting app. One request: could you make a group option for other daily habit also?,,,,False,
e1c7fc7d-73e9-4979-bf0b-d8ae52b069da,Deen - Islamic App,5,en,<1M,4-5,"Alhamdulillah, This app is enough for a Muslim. Truly this app is really awesome.",,,,False,
f450b2ef-7981-41ac-b3a6-093c0781b995,Pillars: Prayer Times & Qibla,5,en,<1M,4-5,An excellent app The layout is neat and it sends notifications for when it is salah time.,,,,False,
0e130474-9768-4b85-8e30-97a9094a854f,Deen - Islamic App,5,en,<1M,4-5,"It’s an amazing app. All in one, it has everything that a muslim need day to day. This app is user friendly. One can easily read Al Quran, if they ar travelling or they ar somewhere, where they can't carry Al Quran as a book with themself. Adding bangla meaning made it more significant. There is also a lot of features.. I just love this app. Who ever made this app, gave his/ her effort in developing this app.. May Allah bless them. Well wishes to All my brothers and sisters.",,,,False,
4ffe65b2-f5d9-4967-902a-0d75c47ecf52,"Sadiq: Prayer, Quran, Qibla",5,en,<1M,4-5,Nice Look ... waiting for quran,,,,False,
64340cad-b95d-4aaf-9fca-283d84a25e35,Pillars: Prayer Times & Qibla,5,en,<1M,4-5,"it's really good at what it's for. my favorite feature is that it only shows you your prayers by day, not by week or month. which makes prayer far less overwhelming. This app has contributed heavily to me praying 5 times daily, may Allah grant the creator the reward ameen",,,,False,
91b6614c-5079-4644-8a36-aaaf9740fcaa,"Sadiq: Prayer, Quran, Qibla",5,en,<1M,4-5,May the almighty Allah bless the people those who all took such initiative and helped Muslim Ummah.,,,,False,
b309afde-0624-4d8d-ac62-69417deb018e,iQIBLA Life,5,id,<1M,4-5,Cukup suka dengan interface app yang kat situ kita dapat tengok jumlah zikir keseluruhan selepas beberapa tempoh guna zikr ring ni. Kalau dapat control brightness level zikr ring lagi lah mengujakan. Boleh jimat bateri.,,,,False,"I really like the interface of the app where we can see the total amount of zikr after some period of using this zikr ring. If you can control the brightness level of the zikr ring, it's exciting. Can save battery."
846501f4-fad8-4fe5-9b80-ac29ac1efef0,Deen - Islamic App,5,bn,<1M,4-5,বাংলা ও হিজরি ক্যালেন্ডার দুটো একসাথে দিলে ভালো হতো,,,,False,It would have been better to put Bengali and Hijri calendars together
16b41c70-e26c-472c-9aab-5cfe79640daa,iQIBLA Life,4,ar,<1M,4-5,سهل وفي منتهي السهولة الله يجازي خير القائمين علي هذا البرنامج,,,,False,Very easy and simple. May God reward the best of those responsible for this program
b0a6c3cb-0992-4062-a4ea-0137a9c10410,Deen - Islamic App,5,bn,<1M,4-5,আলহামদুলিল্লাহ এই Apps ব্যবহার করে আমি অনেক উপকৃত হলাম। এবং অসংখ্য ধন্যবাদ জানাই এই Apps এর ওয়েব ডেপলোপারকে ।মাশাআল্লাহ এই Apps টি মুসলিমদের জন্য অনেক উপকারী।,,,,False,Alhamdulillah I benefited a lot by using these Apps. And many thanks to the web developers of these Apps. Masha Allah these Apps are very useful for Muslims.
767db7af-4683-483f-8c7c-30a63d234270,Deen - Islamic App,5,bn,<1M,4-5,"আসসালামু'আলাইকুম সেহরি নাহ, সাহরি হবে।",,,,False,"Assalamu'alaikum Sehri Nah, it will be Sahri."
ad4cfe20-6dac-4066-ab0b-338bf06d4dc9,iQIBLA Life,5,ar,<1M,4-5,ممتاز جدا ومحفز للذكر الله,,,,False,Very excellent and motivating to remember God
9fd2b718-e732-4d27-ac36-922272712ef9,Deen - Islamic App,5,bn,<1M,4-5,পড়তে পড়তে হঠাৎ স্ক্রিনে লক হয়েগেলে পরে লক খুললে শুরুতে চলে আসে আগে এমনটা হত না ওই স্থানেই থাকত ঠিক করার উপায়????,,,,False,"When reading, it suddenly gets locked on the screen, then when you open the lock, it goes back to the beginning, before it didn't happen, there was a way to fix it????"
7efa8cf8-e81d-4508-a2e5-5fbcf561c8df,iQIBLA Life,5,id,<1M,4-5,alhamdulillah..sangat suka dgn tasbil ring ni. ada getaran pd kiraan 33 66 dan 99. sy sgt bharap ada getaran pd kiraan ke 1000. waktu azan yg tepat.,,,,False,"Alhamdulillah.. I really like this tasbil ring. there is a vibration at the count of 33, 66 and 99. I really hope there is a vibration at the count of 1000. the correct azan time."
b2bfe634-4447-4d87-8430-633b38356774,iQIBLA Life,4,ar,<1M,4-5,تطبيق وخاتم رائع، ولكن هنالك العديد من الاقتراحات لتحسين اداء التطبيق بشكل افضل لم يؤخذ بها مثل حساب توقيت الصلاة ليكون صحيح ومعتمد حسب البلد الذي نتواجد به,,,,False,"A wonderful application and ring, but there are many suggestions to improve the performance of the application in a way that has not been taken into account, such as calculating the prayer timing so that it is correct and approved according to the country in which we are located."
b8e47478-8683-4ab6-a91c-4ded6b775ad3,iQIBLA Life,5,id,<1M,4-5,alat selawat dan apps selawat yang bagus,,,,False,greeting tools and good greeting apps
fcbef94b-1ebb-4c1b-867c-75c443076db6,Deen - Islamic App,5,ro,<1M,4-5,Nice app. Online Backup calu korle best Hobe. Ar extra feature din din add korar try Korben,,,,False,Nice app. Online Backup calu korle best Hobe. Ar extra feature din din add korar try Korben
5fd0729a-b507-4b2f-af36-53f6f7060fdd,Deen - Islamic App,5,bn,<1M,4-5,বেশ ভালো একটি ইসলামিক অ্যাপ! রেকমেন্ডেড!!,,,,False,A very good Islamic app! Recommended!!
f781ef6b-9e38-471b-a50a-1d1907e625be,"Sadiq: Prayer, Quran, Qibla",5,bn,<1M,4-5,মাশাল্লাহ। আল্লাহ উনাদের ইসলামের প্রতি প্রচেষ্টা কবুল করুক। আমিন,,,,False,Mashallah May Allah accept their efforts towards Islam. Amen
fbcaffbd-8db1-4bc2-a6ea-ddf23d6d4e35,iQIBLA Life,5,id,<1M,4-5,App yg sgt smooth...lebih kita lebih disiplin dalam berzikir...semoga Allah yg Maha baik...memandang usaha kecil kan..semoga amalan² kita diterima olehnya,,,,False,The app is very smooth... the more we are disciplined in chanting... may God Almighty... look at small efforts right.. may our deeds be accepted by him
ea376e78-d335-43e2-8284-d0f5d31a6a9e,Deen - Islamic App,5,bn,<1M,4-5,আলহামদুলিল্লাহ খুব সুন্দর একটা এপস।,,,,False,
1fffd024-20dc-47e6-8043-8b3cf0170a8a,Deen - Islamic App,5,bn,<1M,4-5,"অনেকদিন ধরে ব্যবহার করছি। এটা দারুণ। আমাকে যেমন এটার ব্যাপারে পরামর্শ দেওয়া হয়েছিল, আমিও তেমনি অনেককেই এটা ব্যবহার করার পরামর্শ দিই।",,,,False,"I have been using it for a long time. It's great. As it was recommended to me, I also recommend it to many others."
73409550-457f-44fe-8920-c63d51d47872,Deen - Islamic App,5,bn,<1M,4-5,সুন্দর ও গুছানো সব কিছু,,,,False,Everything nice and tidy
3b7a9654-598b-4c1c-b0ab-eb1031663c95,Deen - Islamic App,5,bn,<1M,4-5,"আমি অন্য কোনো এপ এত পরিপূর্ণ দেখিনি, মাশাআল্লাহ",,,,False,"I have never seen any other app so complete, MashaAllah"
edca0ec7-f22f-45b0-a2d0-d264869e0675,Deen - Islamic App,5,bn,<1M,4-5,আলহামদুলিল্লাহ। আমার ছেলের বানানো এপ এটি। আমি গর্বিত। সবাই দোয়া করবেন আমার ছেলের জন্য।,,,,False,Alhamdulillah. This is an app made by my son. i am proud Everyone pray for my son.
f3108e1a-f868-4628-b349-7cbd815b6c11,iQIBLA Life,5,ms,<1M,4-5,Masyaallah tabarakallah barakallah Alhamdulillah syukur kepada Allah SWT permudahkan urusan hambanya. Cincin zikir ini mbantu saya sentiasa berselawat kepada Rasulullah SAW,,,,False,Mashaallah tabarakallah barakallah Alhamdulillah thanks to Allah SWT for making things easier for his servant. This dhikr ring helps me to always pray to the Prophet SAW
63e03c43-1522-4545-b6d4-efaae06c411f,Muslim Pro: Quran Athan Prayer,1,en,>100M,1-2,It's bad because they are displaying women under Qolox. Fitnah everywhere. Even this Qolbox forcing me to watch haram movies pics videos etc.,,,,False,
e03e8d3d-fa3c-41a8-93f0-f68b053c1edf,Muslim Pro: Quran Athan Prayer,1,en,>100M,1-2,Their selling our data the biggest enemy of Islam. I bet the next thing they do is edit quran (na'uzubillah),,,,False,
39538eb7-e692-4f0a-8e37-61699dbdc861,Muslim Pro: Quran Athan Prayer,1,en,>100M,1-2,Should we pay for Azan Makkah !!!!,,,,False,
e9a161f4-1641-4032-9f45-aecd8702e9da,Muslim Pro: Quran Athan Prayer,1,en,>100M,1-2,This app is being accused of selling the user data to fbi.... That's so pathetic..,,,,False,
5911d8a1-3ada-46a4-a64c-090d7c6ae2d3,Muslim Pro: Quran Athan Prayer,1,en,>100M,1-2,The app just removed my premium account and cannot reatore it. Its forcing me sign in and add monthly subscription that was not there when I paid for the premium service. Now I am getting ads that do not comply with islamic views. And you get notificaton even if you disabled them from app sitting.,,,,False,
c11f3107-1986-4abc-9b32-9509e17b1a95,Muslim Pro: Quran Athan Prayer,1,en,>100M,1-2,"The old version was easier for me, this updated thing doesn't work i swear. The recitation often stucks and hardly plays. Am so dissapointed",,,,False,
b03bf490-7c5f-4edd-a0ba-f784c2a9c967,Muslim Pro: Quran Athan Prayer,1,en,>100M,1-2,The Quran is not for sale or download. God Will Punish You.The Quran is free and its sources is the mosque.The bible is sold.,,,,False,
b2ad54fc-b16e-4ea9-8b3c-5132c70070c9,Muslim Pro: Quran Athan Prayer,1,en,>100M,1-2,qalbox doesn't work on Google TV,,,,False,
930c6927-35b3-4c2e-9a7a-986535284319,Muslim Pro: Quran Athan Prayer,1,en,>100M,1-2,"DO NOT SUBSRCIBE... I have a paid subscription for the Premuim account (no refund of course), BUT i am still getting annoying ADs..so i cancelled subscription. (Kinda annoying to be doing this so many times -support is terrible here. Look elsewhere)",,,,False,
34630a9b-a698-4afa-a7c0-56cb452db8e4,Muslim Pro: Quran Athan Prayer,1,en,>100M,1-2,Why do you need such personal info it's sensitive okay!!!,,,,False,
f8b07348-a7dc-480b-94aa-2c8f0caff7e8,Muslim Pro: Quran Athan Prayer,1,en,>100M,1-2,Selling data and wrong time for solat.,,,,False,
a7c22d7a-74fa-4633-8bfd-cc2e2ea596c7,Muslim Pro: Quran Athan Prayer,1,en,>100M,1-2,STAY AWAY. They sell your location data to the US military,,,,False,
ead3efc0-9272-4813-888d-8d63e97ccf95,Muslim Pro: Quran Athan Prayer,1,en,>100M,1-2,"Fix Urdu Translation: Instead of writing ""Allah"" which is exact translation of the Ayah, the app says ""Khuda"" in Fateh Muhammad Jalendhari translation of Quran in Urdu.",,,,False,
11601894-248f-4230-92d4-16466fd6aa57,Muslim Pro: Quran Athan Prayer,1,en,>100M,1-2,Adhan time is not correct timing. Worst app,,,,False,
8bdeb112-5f4c-435f-8794-b5db8a8884b6,Muslim Pro: Quran Athan Prayer,1,en,>100M,1-2,Very good and useful to we the Muslims,,,,False,
9b7f1a87-bdf2-4b37-b765-d202da11c68f,Muslim Pro: Quran Athan Prayer,1,en,>100M,1-2,Are you selling our location data to the US military?,,,,False,
406628d2-7715-4865-8fee-a5855150c8b8,Muslim Pro: Quran Athan Prayer,1,en,>100M,1-2,"I used to love this app. I've had it since the beginning when it just came out, I very rarely pay for apps but for this one I bought the premium subscription and was very happy for many years until Qalbox was introduced. The constant Qalbox in your face ads inside the app was a major annoyance to a point where I actually paid for it but ended up not using it. So I cancelled the Qalbox subscription. Now the annoying invasive ads when I just need to check something, is back. Unhappy user.",,,,False,
7a2ef71d-6468-4cff-ac02-14826a22bd56,"Wemu: WeMuslim, Athan&Qibla",1,en,>100M,1-2,Thanks for the good services,,,,False,
b1a47d25-68bf-422d-a33c-822b34360289,Muslim Pro: Quran Athan Prayer,1,en,>100M,1-2,way tooooooo many ads just to check prayer times.,,,,False,
ed5b9667-b860-41fb-9aae-a7d7b79edd95,Muslim Pro: Quran Athan Prayer,1,en,>100M,1-2,"My lifetime premium was gone, changed to monthly payments system seriously? :( worst worst update :( Disappointed with the devs :(",,,,False,
86670bbf-329b-4bca-a306-dab218b5fc42,Muslim Pro: Quran Athan Prayer,1,id,>100M,1-2,Ini applikasi hanya Untuk orang syiah aka shia..Saya harap muslim ASWJ tidak guna Applikasi syiah ini.. Kerana didalam ini ada azan shia aka syiah yg memuja saidina ali.. dan ayat al quran didalam ini ade perubahan dari segi sebutan.. Dan azan juga telah di ubah!!,,,,False,This application is only for Shia aka Shia people.. I hope ASWJ Muslims do not use this Shia application.. Because in this there is a Shia aka Shia call to prayer who worships Saidina Ali.. and the verses of the Qur'an in this have changes in terms of pronunciation.. And the call to prayer has also been changed!!
dff28bf3-4e2c-48db-a1fb-5a4866016146,Muslim Pro: Quran Athan Prayer,1,id,>100M,1-2,masa azan langsung tak bunyi,,,,False,the call to prayer does not sound at all
78b2b4ae-40d2-4b42-8f5a-664d5f2a6bc8,Muslim Pro: Quran Athan Prayer,1,ar,>100M,1-2,الاذان مشتغلش ولا مره من اول منزلت التطبيق,,,,False,
e7deb947-c875-426b-afc1-861d8f9ce070,Muslim Pro: Quran Athan Prayer,1,bn,>100M,1-2,আপনাদের অ্যাপ টি ভালো কিন্তু বাজে বাজে অ্যাড আসে এজন্যই অ্যাপ টি আনইন্সটল করে দিলাম,,,,False,
49a2e81f-93bd-455a-8196-0f64558c7a56,Muslim Pro: Quran Athan Prayer,1,id,>100M,1-2,"terlalu banyak iklan, tiap buka tiap klik muncul iklan mulu, masa iya mau lihat jadwal sholat aja muncul iklan 2-3 kali.",,,,False,"There are too many advertisements, every time you open, every click an advertisement appears, when you want to look at the prayer schedule, the advertisement appears 2-3 times."
a9d72ff1-d21d-4a77-b56c-2d646a5df3d2,"Wemu: WeMuslim, Athan&Qibla",2,ar,>100M,1-2,مش عارفة ليه الاذان مش بيشتغل لو شاشة التيلفون مقفولة و ياريت لو تراعوا ان وقت الحيض مش بينفع الست تصلي فمتخلوش الأيام دي تضيع تقدم الواحدة لما تسجل الصلاة تاني,,,,False,مش عارفة ليه الاذان مش بيشتغل لو شاشة التيلفون مقفولة و ياريت لو تراعوا ان وقت الحيض مش بينفع الست تصلي فمتخلوش الأيام دي تضيع تقدم الواحدة لما تسجل الصلاة تاني
f6862566-8f07-44bb-bc4b-68fdb805d435,Muslim Pro: Quran Athan Prayer,1,id,>100M,1-2,Surat terakhir yg dibaca ngereset k awal trs ketika apk dibuka lagi,,,,False,The last letter read resets to the beginning when the APK is opened again
77387179-e7a8-4ef2-8376-25b1f6f3bf02,Muslim Pro: Quran Athan Prayer,1,id,>100M,1-2,Tolong perbaiki lagi. Banyak huruf dan tanda baca yang salah,,,,False,Please fix it again. Lots of wrong letters and punctuation
4ccc1349-99d5-445f-9d8a-554e4ed678f7,Muslim Pro: Quran Athan Prayer,2,ms,>100M,1-2,Alhamdulilah senang belajar dan senang difaham.,,,,False,Alhamdulillah it is easy to learn and easy to understand.
baa2d05e-7d68-4fe2-88b4-e39d9cf0b992,"Wemu: WeMuslim, Athan&Qibla",1,ar,>100M,1-2,في الأول كان كويس جدا جدا لكن دلوقتي بقا حرفيا إعلانات ويخلي الواحد مضايق بجد دي حاجة دينية مش عشان اوقف الاعلان ادفع فلوس هي دي تجارة دينية ف بجد التحديث دا من أبشع التحديثات واتمني يرجع زي الأول مفيش اعلان,,,,False,في الأول كان كويس جدا جدا لكن دلوقتي بقا حرفيا إعلانات ويخلي الواحد مضايق بجد دي حاجة دينية مش عشان اوقف الاعلان ادفع فلوس هي دي تجارة دينية ف بجد التحديث دا من أبشع التحديثات واتمني يرجع زي الأول مفيش اعلان
18d2763c-5129-43b9-b25b-48a849302cc6,Muslim Pro: Quran Athan Prayer,1,id,>100M,1-2,"Padahal sudah berlangganan premium lama, tapi sering tiba2 muncul iklan dan notifikasi Tap to Restore Premium, dan uda kejadian berulang2 kali, jadi capek harus setting ulang terus suara notifikasi adzan. Mengecewakan. Sekarang malah semakin sering terjadi muncul iklan dan harus restore setiap saat. Sangat mengecewakan",,,,False,
14965b56-2bf4-4b5b-ab58-34f764221d39,Muslim Pro: Quran Athan Prayer,2,id,>100M,1-2,Macam mana nak dpt refund balik? Duit dalam bank dah kena potong tp payment tak dpt katanya. Terima kasih.,,,,False,
0c54bfb7-6980-4c8c-a377-5adee5f33c14,Muslim Pro: Quran Athan Prayer,1,id,>100M,1-2,"Arah Qiblat, salah lps cube wat arah kiblat kt dlm masjid",,,,False,
e8e15579-3170-425f-af59-9dbb266ab5e7,Muslim Pro: Quran Athan Prayer,2,id,>100M,1-2,Tak ada suara adzan di perangkat xiaomi resmi 3 dan resmi Note 3,,,,False,There is no call to prayer on the official Xiaomi 3 and official Note 3 devices
87b566e1-30d2-4012-ad04-594446b9b8d5,Muslim Pro: Quran Athan Prayer,1,id,>100M,1-2,give back my money.dont just deduct from my account.mcm ni ke cara merompak duit orang?? saya tak nak melanggan pun tapi dipotong terus dari akaun bank,,,,False,give back my money.dont just deduct from my account.is this how to rob people's money?? I didn't even want to subscribe but it was deducted directly from my bank account
0c618fc4-c08b-431b-9b72-cefecf742b99,"Wemu: WeMuslim, Athan&Qibla",1,ar,>100M,1-2,تطبيق سيء ويدمر جهازك بالاشعارات واذا أردت أن تقفلها سيتم فشخ الموبايل بالاعلانات.,,,,False,"A bad application that destroys your device with notifications, and if you want to close it, your mobile phone will be bombarded with advertisements."
dd39c8b2-7346-49f0-95f3-5bd163a22888,Muslim Pro: Quran Athan Prayer,1,id,>100M,1-2,"isinya cuma iklan, sama sekali gabisa dipakai saking banyaknya, setiap klik muncul iklan yang harus menunggu, ga logis",,,,False,"the content is just advertisements, it can't be used at all because there are so many of them, every time you click an advertisement appears which you have to wait for, it's not logical"
9a60556a-0a35-4816-b4b2-002c30e858c4,Muslim Pro: Quran Athan Prayer,1,id,>100M,1-2,Kurang srek skrg am aplikasinya Dikit2 iklan mau baca quran iklan mau liat jadwal sholat iklan mau liat arah qibla iklan Setiap neken iklan...,,,,False,
183fe26d-532b-4165-8029-8172702633bb,Muslim Pro: Quran Athan Prayer,2,id,>100M,1-2,"Widget untuk waktu solat berubah untuk pengguna premium, sangat mengecewakan. Widget melihat waktu solat harusnya dapat diakses semua orang. Muslim pro dikenal dengan kemudahan dan fitur yang sangat beragam. Sayang sekali saya tidak bisa lagi mendapatkan semua kebutuhan ibadah dengan aplikasi Muslim pro.",,,,False,
855e0faa-14b3-4808-9845-a3f0614cea2b,Muslim Pro: Quran Athan Prayer,2,id,>100M,1-2,App ini disusupi JIL dan Islam Nusantara. Meh.. Masih byk app lain yg bagus.,,,,False,This app was infiltrated by JIL and Islam Nusantara. Meh... There are still lots of other good apps.
483e2f97-2517-485d-8b2f-f5969756a3d8,Muslim Pro: Quran Athan Prayer,3,en,>100M,3,It is so wonderful mashallah but i have problems whith the azan it doesn't alert me it needs me to open the app,,,,False,
d790089f-308b-4fcb-b2a1-42ea2385cdc1,Muslim Pro: Quran Athan Prayer,3,en,>100M,3,When i open it says application error pls fix this .otherwise it's best,,,,False,
c11435f6-7a14-42c6-979a-42bb6c4e13cd,Muslim Pro: Quran Athan Prayer,3,en,>100M,3,Qiblat takes too long to load,,,,False,
3f5181bf-3b46-4e8b-b1b6-309046abdbe1,Muslim Pro: Quran Athan Prayer,3,en,>100M,3,Nice app but the adhan notification is not working on my phone,,,,False,
555bc9ef-7417-4a12-8d63-518e61e2a1db,Muslim Pro: Quran Athan Prayer,3,en,>100M,3,"The azan doesn't play , this problem is recurrent",,,,False,
2f79cc2a-b7f4-49ec-ace3-bf120dbf655f,Muslim Pro: Quran Athan Prayer,3,en,>100M,3,"This app is very useful and I was using it a couple of years ago , but now when I tried to connect to my account , it tell me that there is a problem in connecting and I'm sure of my e-mail and the password . Please fix this problem and try to connect me to my account . Thank you .",,,,False,
1174068a-7ac6-4570-8648-edd5b852ac39,Muslim Pro: Quran Athan Prayer,3,en,>100M,3,"Always find what I'm looking for, but it has too many ads. Too much unnecessary advertising!!!!!!!",,,,False,
a996c495-88e1-4514-ac0d-1a5bde0ffda1,"Wemu: WeMuslim, Athan&Qibla",3,en,>100M,3,"average because I didn't have the opportunity to fully experience the app. I always read some comments, nit all though,before downloading an app. nobody seems to mention that the reciting is in English in my case, not Arabic. I did change the reciter to one who was supposed to read on Arabic but it didn't solve the problem. it might be a bug or me not knowing how to use the app,in any case I wanted to let people now. I personally changed for another app.",,,,False,
268cc97b-950e-4cec-bd76-463f8ed67ae5,Muslim Pro: Quran Athan Prayer,3,en,>100M,3,Looks like some of the inappropriate ads were removed. Lets hope it stays that way.,,,,False,
d4854b8d-da08-4d8f-9a88-84fa7c3b51fd,"Wemu: WeMuslim, Athan&Qibla",3,en,>100M,3,"I have been a user of this app since 2023 and initially, it was great. However, the app has changed for the worse. The new paid subscription is a major drawback, and the ads are no longer suitable for a religious app. I will be deleting the app if these changes are not addressed.",,,,False,
3ad89ea9-7118-455b-9dbf-bda9e27abbce,Muslim Pro: Quran Athan Prayer,3,en,>100M,3,Screen your ads. There's ads for jesus channel shown when i open this app. I mean come on,,,,False,
d62ab19e-2f53-478e-ba37-4c487d96bbe3,"Wemu: WeMuslim, Athan&Qibla",3,en,>100M,3,This app is good I used this app last one year but now because of some app problems when I delete this app and after sometime install and sign in again this app all deta is gone its shown that I have to complete the task from level 1,,,,False,
b62af391-163b-49af-aa48-f0501b32339c,Muslim Pro: Quran Athan Prayer,3,en,>100M,3,Why do they need my location? Why do they need my call information? I'd expect better from an apparently muslim-run app,,,,False,
4f355604-365e-4bd9-84ca-d1bed2950a41,Muslim Pro: Quran Athan Prayer,3,en,>100M,3,"It's an amazing app, but I wish there was a specific section for festivals . All the festivals in detail what to do on these days. mention all the fard and Sunnah. All the duas and ayats to read on these days.. how many rakat of Salah ( mandatory, sunnah, and nafil and all others)... Ramadan is about to come, add a reminder for sehri and iftaaar and so on. Inshort there should be a section for festivals and what to do on those days. Also days like shab e barat ( about them how authentic )",,,,False,
a265eab0-15e6-4608-9777-9a9d46125fa1,Muslim Pro: Quran Athan Prayer,3,en,>100M,3,I enjoy this app of yours but Im not aware when it is prayer times.,,,,False,
8771a152-0df9-40fd-a5a3-d0f184f7aa6d,Muslim Pro: Quran Athan Prayer,3,en,>100M,3,Excellent app but excessive battery drainage,,,,False,
c59e4f00-fdf4-4619-839b-c39ef4e770de,Muslim Pro: Quran Athan Prayer,3,en,>100M,3,You need to control the advertisements. There are nude contents. I got embarrassed in front of others.,,,,False,
3d24ea4c-804d-4830-88d9-72ce9927065d,Muslim Pro: Quran Athan Prayer,3,en,>100M,3,"When I change the Arabic fonts, the title of each surah gets overlap. Even the uthamani script was overlap. Please fix else 5 star. Oh one more thing, it will be great if you can add in dzikir and doa after solat. Then it will be a complete app. Thanks.",,,,False,
608dcca3-f37c-4e58-9a52-839d436bf66b,Muslim Pro: Quran Athan Prayer,3,en,>100M,3,but this app hasn't good compass for finding the Qibla,,,,False,
a2d2c359-8b90-454d-a8cf-e1a3309071f4,Muslim Pro: Quran Athan Prayer,3,en,>100M,3,It has no info where to stop when you are reading quraan and annoying ads,,,,False,
5e78b024-41d8-4e21-b6a9-04087c5e28eb,Muslim Pro: Quran Athan Prayer,3,id,>100M,3,Kenapa teda azan biarpun sdh sya ksih notification teda jgak keluar azan?,,,,False,Why is the call to prayer not coming out even though I have sent the notification?
aced9949-b71f-4848-a700-3d678e393a81,Muslim Pro: Quran Athan Prayer,3,ms,>100M,3,selalu tak bunyi azan. padahai dah set,,,,False,there is always no call to prayer. It's already set
875ec425-f54a-4c5d-b714-c9f2c4c1ba71,Muslim Pro: Quran Athan Prayer,3,id,>100M,3,"Iklan melulu mau liat adzan atau Al-Qur'an ga bisa² pasti ke iklan itu lagi itu lagi, seperti di paksa dowload",,,,False,"The ad just wants to see the call to prayer or the Koran, you can't go to that ad again, it's like you're being forced to download it"
95591e9a-1c65-423b-85b2-ef414cfacdb1,Muslim Pro: Quran Athan Prayer,3,id,>100M,3,banyak ayat al-Quran yang salah... nnt semua dapat dosanya harap bole ubah,,,,False,"there are many verses of the Quran that are wrong... all of them can be sinned, please change them"
08350bcd-514a-4ad1-9f53-9db7fb09f08c,Muslim Pro: Quran Athan Prayer,3,id,>100M,3,Kenapa ya Sy punya Azan bunyi Xsampai 5 saat je..x Azan penuh..puas dah setting tp masih sama jgk.,,,,False,
b8de6515-21d5-450f-932c-f25f78278b3a,Muslim Pro: Quran Athan Prayer,3,ms,>100M,3,Setiap kali hendak baca Al-Quran. muka surat tetiba pergi ke permulaan.,,,,False,Every time I want to read the Quran. page finally go to the beginning.
cf52b377-a4ec-4b75-b0d7-f6e9b967b533,Muslim Pro: Quran Athan Prayer,3,id,>100M,3,"Murotal surah2nya seriing bangett rendownload, kenapa yaa?? Padahal penyimpanan saya masih banyak Oya terus ini kan app Muslim, harusnya iklannya lebih difilter lagi dong sesuai theme jugaa makasih",,,,False,
844ac245-5950-4224-a902-ac6f36e939d5,Muslim Pro: Quran Athan Prayer,3,ar,>100M,3,"ملاحظة وجود خطأ في تفسير القرآن سورة التوبة الآية رقم 129 "" وهو وصف الله عز وجل بأعظم المخلوقات وهذا لايجوز بوصف الخالق بالمخلوق. ارجو التصحيح فورا.",,,,False,"Noting that there is an error in the interpretation of the Qur’an, Surat Al-Tawbah, Verse No. 129, “which is describing God Almighty as the greatest of creatures, and this is not permissible for describing the Creator as a created being. I request correction immediately.”"
a0c87048-1dad-4d67-9f02-9d7c6d3cb0ad,Muslim Pro: Quran Athan Prayer,3,ms,>100M,3,knpa bla dh masuk wktu azan x bunyi,,,,False,Why didn't you come in when the call to prayer didn't sound?
1c77f52b-5880-4a15-b272-96338297d12b,Muslim Pro: Quran Athan Prayer,3,id,>100M,3,Bagus aplikasinya..menarik..iklannya juga ruarrr biasa banyak..iya sih untuk biaya produksi...bisa diterima ..namun terkesan sudah jadi bisnis seperti aplikasi lainnya ...jadi lillahi taala nya untuk kepentingan umat spertinya jadi nomor ke 100..atau mungkin ke 1000..???,,,,False,"The application is good..interesting..the advertisements are also unusually large..yes for production costs...it's acceptable..but it gives the impression that it has become a business like other applications...so lillahi taala is for the benefit of the people, it seems like it's the 100th number..or maybe the 1000th..???"
bdba8384-ebbf-4b33-af9d-0d272941fe42,Muslim Pro: Quran Athan Prayer,3,ar,>100M,3,الإعلانات كثيره في تطبيق للقرآن الاذان يؤذن عند لمس الموبيل في توقيت بعد الصلاه بفتره,,,,False,There are many advertisements in an application for the Qur’an. The call to prayer is called when touching the mobile phone at a time after the prayer.
6ebb900d-05b6-42ca-ac50-19e47a7bb0d4,Muslim Pro: Quran Athan Prayer,3,id,>100M,3,"Notifikasi adzan kenapa ga aktif ya, padahal di setting sudah diatur agar adzan nya bersuara",,,,False,"Why isn't the call to prayer notification active, even though the settings have been set to make the call to prayer sound?"
2eeb785f-1c6d-4098-ad64-94d958684c19,Muslim Pro: Quran Athan Prayer,3,ms,>100M,3,Azan selalu tak kluar on time then berhnti tibe2 .. lepas tu bile dah brbunyi susah nak stop .. kene stop sndiri ..,,,,False,Azan always doesn't come out on time then it stops .. then when it starts sounding it's hard to stop .. here I stop myself ..
574c799d-7530-4bf4-aacf-e2c35b12f6f6,Muslim Pro: Quran Athan Prayer,3,id,>100M,3,"setelah update ke versi 15.8.5, beberpa fitur tidak nyaman: 1. notifikasi jadwal sholat musti di swipe 2. banyak widget baru tapi gak penting, terlalu idealis uiux 3. widget jadwal sholat yg saya rasa yg paling penting sekarang tidak ada lagi untuk free. jika tidak ada perubahan bakal pindah ke app yg lain sih.",,,,False,"after updating to version 15.8.5, several features were inconvenient: 1. prayer schedule notifications had to be swiped 2. lots of new widgets but they weren't important, too idealistic UI 3. the prayer schedule widget which I felt was the most important was now no longer available for free. If there are no changes, I will move to another app."
2645dfff-c700-4242-97db-1d8ce444c664,Muslim Pro: Quran Athan Prayer,3,id,>100M,3,"tolong di perbaiki tulisan latin dari ayat al quran, saya temukan berapa tulisan di surah maryam yang tidak pas dengan tulisan arabnya.",,,,False,"Please correct the Latin writing of the verses of the Koran, I found a number of writings in Surah Maryam that don't match the Arabic writing."
2939c370-7c5e-47a6-886e-e3035667374f,"Wemu: WeMuslim, Athan&Qibla",3,ar,>100M,3,يحتاج الي إمكانية تفسير الآيات,,,,False,It requires the ability to interpret the verses
c6e04709-3ef4-4ddd-9187-7ff33eef1712,Muslim Pro: Quran Athan Prayer,3,id,>100M,3,alhamdulillah sangat membantu shalat kami dimanapun berada,,,,False,"Thank God, it really helps our prayers wherever we are"
5d19d253-54ed-4bef-97db-55a7496b346d,Muslim Pro: Quran Athan Prayer,3,id,>100M,3,"Sudah beli premium ko gagal padahal sdh dibayar, warning: tidak bisa terhubung ke google play store, error code:0 Tolong follow up",,,,False,"I bought premium, but it failed even though I had already paid, warning: can't connect to Google Play Store, error code: 0 Please follow up"
781ad49e-d1c3-4d3f-9ffc-574405053ee3,Muslim Pro: Quran Athan Prayer,3,ms,>100M,3,Kenapa tiada bunyi azan pun,,,,False,Why is there no call to prayer?
7b6c4458-7056-455e-a8d9-515557b43bb0,Muslim Pro: Quran Athan Prayer,3,id,>100M,3,Setelah di update malah ga karuan,,,,False,"After updating it, it still doesn't work"
c5090423-d546-4f96-bf01-148dd19e2c2e,Muslim Pro: Quran Athan Prayer,4,en,>100M,4-5,please fix some inappropriate ads that constantly appear..,,,,False,
8de98578-8148-4196-8f80-a59737cd1e2e,Muslim Pro: Quran Athan Prayer,5,en,>100M,4-5,This is really a helpful app,,,,False,
2891f0f7-236c-4df9-9f00-58d8e42c459a,Muslim Pro: Quran Athan Prayer,5,en,>100M,4-5,I LOVE THE MUSLIM PRO APP THIS IS VERY GOOD APP AND THANKS FOR THE UPDATE,,,,False,
861a59eb-b569-4672-b267-30ef929b033c,Muslim Pro: Quran Athan Prayer,5,en,>100M,4-5,Its very good and works everywhere,,,,False,
edeb6e1d-024a-42ea-8b94-37ff1242e9a4,Muslim Pro: Quran Athan Prayer,5,en,>100M,4-5,Very good and very useful app,,,,False,
4b608a2f-18a7-40af-befe-d538b0db21dd,Muslim Pro: Quran Athan Prayer,5,en,>100M,4-5,Good for quran and other,,,,False,
89047f57-bfa6-40cc-b596-28789e6bbfc0,Muslim Pro: Quran Athan Prayer,5,en,>100M,4-5,One the best apps Jazakomollah...,,,,False,
78c15ede-3cb5-461a-9158-c6b91c8cfc93,Muslim Pro: Quran Athan Prayer,5,en,>100M,4-5,Masha Allah very good aap.,,,,False,
1cee0c6a-8173-4de3-a1c8-6fac0e285bc3,Muslim Pro: Quran Athan Prayer,5,en,>100M,4-5,"can't find surah al rukyah ,, someone please help me ... i don't know how to use this app",,,,False,
06ff9b78-bd4c-48ec-b64e-72fabc69b7b5,Muslim Pro: Quran Athan Prayer,5,en,>100M,4-5,Masha Allah. Best Application. please can you add more Athan for free download.,,,,False,
ee006536-1344-48ad-834a-1ed14d27e00c,Muslim Pro: Quran Athan Prayer,4,en,>100M,4-5,"Remove the ads and make a donation tab instead, please. Also, why Sheikh Mishari Rashid Al-afasy and Abdul Basit Abdul Samad has the Saudi Arabian flag? These two I recognized right away and they are not from Saudi Arabia, the 1st is from Kuwait and the 2nd is from Egypt. Please correct this as us Muslims keep accurate track of each person and where he transcends from.",,,,False,
f3d52051-f315-41fa-ba70-1fb06993b603,Muslim Pro: Quran Athan Prayer,5,en,>100M,4-5,"First I would like thanks to developers,,,Nice aap but..ads are disturbing... please solve this issue as soon as possible....",,,,False,
d0f522fb-a60e-4c1f-bf80-2f18018c6fea,Muslim Pro: Quran Athan Prayer,5,en,>100M,4-5,My new favourite pastime app.,,,,False,
9dd11c3d-0266-4a89-9b40-69631e9fef1a,Muslim Pro: Quran Athan Prayer,5,en,>100M,4-5,I would say one word that's Alhamdhullilah for the superb App,,,,False,
9a701d69-0e2f-41a2-b335-70f1aafcfb8f,Muslim Pro: Quran Athan Prayer,5,en,>100M,4-5,I rely liked cause it helps more,,,,False,
1d68561c-f0f7-4fa7-bbfa-584c6ee3c256,Muslim Pro: Quran Athan Prayer,4,en,>100M,4-5,"Salám developer team. Can you please take a look on my issue I am having a message saying, you have Quran reading plan do you want to continue which I need to say no each time I open the surah. I did all the settings needed but it is not gone :(",,,,False,
9b6c3fce-19ef-4007-b3e3-0ccdbfa33c55,Muslim Pro: Quran Athan Prayer,5,en,>100M,4-5,Very good app. Masha Allah,,,,False,
c1205248-58ce-4d5c-b4b2-2b02e1a42bf6,Muslim Pro: Quran Athan Prayer,5,en,>100M,4-5,Excellent App for everyday life as many benefit from the Qur'an recitation and Duas.,,,,False,
9d03a04f-b4b0-4613-a979-bb14b431c034,Muslim Pro: Quran Athan Prayer,5,en,>100M,4-5,It us excellent for us Muslims,,,,False,
893c4f0e-4202-47a8-839e-81827887f62b,Muslim Pro: Quran Athan Prayer,5,en,>100M,4-5,Excellent app for all Muslims brother and sisters,,,,False,
08cdbe0f-a6a6-4178-8714-557e2500227e,Muslim Pro: Quran Athan Prayer,5,ja,>100M,4-5,HELP ME TO KNOWS TIMES OF SALAT THANK YOU,,,,False,HELP ME TO KNOWS TIMES OF SALAT THANK YOU
ec0519e2-6afd-4951-ab8b-b23ebf942e92,Muslim Pro: Quran Athan Prayer,5,id,>100M,4-5,"Luar biasa, semoga yg membuat aplikasi mengalir terus pahalanya",,,,False,"Amazing, hopefully those who make the application flow will continue to be rewarded"
4b800fdf-39d4-446f-9e8c-c41962ac4642,Muslim Pro: Quran Athan Prayer,5,hi,>100M,4-5,बहुत ही अच्छा एप्प है। आयत को बिना तर्जुमा किये हिंदी में लिखने की ज़हमत करें। हम जैसे लोगों को पढ़ने में आसानी होगी।,,,,False,It is a very good app. Please feel free to write the verse in Hindi without translating it. It will be easier for people like us to read.
41f6b2c9-1028-4eb4-9df7-19dc49b17675,Muslim Pro: Quran Athan Prayer,5,ur,>100M,4-5,اللہ پاک جزائے خیر دے، آمین,,,,False,"May Allah reward him with good, amen"
12e1761d-24c8-4bad-a35a-f289fdaf17a6,Muslim Pro: Quran Athan Prayer,5,ar,>100M,4-5,خمسه نجوم،نرجو اضافه اذكار الصباح والمساء وقبل النوم,,,,False,"Five stars. Please add the morning, evening, and before bedtime remembrances"
185e4b64-5fde-4a16-8154-080d49afe0b1,"Wemu: WeMuslim, Athan&Qibla",5,bn,>100M,4-5,মাশাআল্লাহ আলহামদুলিল্লাহ খুবই ভালো লেগেছ,,,,False,Masha Allah Alhamdulillah I like it very much
c214848f-e9fb-4f61-ad69-c567f2dfb3cf,Muslim Pro: Quran Athan Prayer,5,id,>100M,4-5,Mantap dan sangat bagus untuk beribadah,,,,False,Steady and very good for worship
46bd2ade-8a49-47a5-85b5-b07be362de21,Muslim Pro: Quran Athan Prayer,5,id,>100M,4-5,Terimakasih ..berguna banget buat saya yg lagi jauh dari rumah.,,,,False,Thank you... really useful for me who is far from home.
90734c63-f43d-4e96-8e6f-495d47126960,Muslim Pro: Quran Athan Prayer,4,id,>100M,4-5,"App ini adalah yg terbaik dan mudah digunakan, semoga maju jaya dengan app ini.",,,,False,"This app is the best and easy to use, good luck with this app."
8f241df3-f91e-4e4c-bbc0-08a88955e80a,Muslim Pro: Quran Athan Prayer,5,id,>100M,4-5,"Semoga developer applikasi ini dapat di mudahkan segala urusannya oleh allah dan tolong di perhatikan tiap tajwid, karena ada beberapa yang dempet. Overall awesome application ever. Assalamualaikum",,,,False,"Hopefully the developer of this application can make all his affairs easier by Allah and please pay attention to every tajwid, because there are some who are attached. Overall awesome application ever. Assalamualaikum"
ee66a64c-9b63-42dc-9e1e-3b0db2dc58bf,Muslim Pro: Quran Athan Prayer,5,ja,>100M,4-5,"BEAUTIFUL,JUST BEAUTIFUL AND I LOVE IT VERY MUCH. THANK YOU FOR THIS AND MAY ALLAH...(swt)BLESS AND PROTECT YOU...AMIIN.",,,,False,"BEAUTIFUL,JUST BEAUTIFUL AND I LOVE IT VERY MUCH. THANK YOU FOR THIS AND MAY ALLAH...(swt)BLESS AND PROTECT YOU...AMIIN."
b6dd3614-a4aa-439d-90bf-f4424d5ae43a,Muslim Pro: Quran Athan Prayer,5,id,>100M,4-5,Klo bisa ada menu kumpulan hadist shahih,,,,False,"If possible, there is a menu for a collection of authentic hadiths"
4122118e-7c7e-4625-9215-4f44dfc15d0d,Muslim Pro: Quran Athan Prayer,5,id,>100M,4-5,Alhamdulillah. There is one apps that handy and easy to use. Syukur Alhamdulillah. Sangat membantu Dan semoga app team ini diberkati Dan dipermudahkan segala urusan yg balik. Insyaalah.,,,,False,Alhamdulillah. There is one app that is handy and easy to use. Thanks Alhamdulillah. It is very helpful and may this team app be blessed and make all matters easier. God willing.
4cf7de49-ed86-45f8-a9a1-8009b424d598,Muslim Pro: Quran Athan Prayer,5,id,>100M,4-5,Nabi ditanya apakah amalan yang terbaik.nabi menjawab 'solat diawal waktu'.,,,,False,The Prophet was asked what is the best practice. The Prophet replied 'prayer at the beginning of time'.
f845beb2-c385-4dd1-9e83-c4dbe4b76042,Muslim Pro: Quran Athan Prayer,5,id,>100M,4-5,"Senang digunakan , panduan tajwid juga disertakan bagi memudahkan untuk rujukan ..Terimakasih kerana menyediakan aplikasi ini.",,,,False,"Easy to use, tajwid guide is also included for easy reference.. Thank you for providing this application."
6b215f3c-6e1f-4e97-bf3d-57d345a7ba98,Muslim Pro: Quran Athan Prayer,5,id,>100M,4-5,Top! Selalu bisa ngingetin sy utk beribadah ;),,,,False,Top! Can always remind me to worship ;)
665fd1cd-ec73-41bc-8398-270e59f72576,Muslim Pro: Quran Athan Prayer,5,id,>100M,4-5,"Aplikasi yang sangat membantu, jazakallah",,,,False,"A very helpful application, thank you"
002f7753-d241-404a-abea-1ebd39d540f2,Muslim Pro: Quran Athan Prayer,5,ar,>100M,4-5,اللهم اجعلها في مزان حسناتكم يا الله,,,,False,"Oh God, put it in the balance of your good deeds, O God"
cb11d70d-738f-407b-83e7-d18f83efbf13,Muslim Pro: Quran Athan Prayer,5,id,>100M,4-5,"Bagus, dengan ini saya lebih tahu waktu waktu solat dan saya boleh berlajar alquran di waktu lapang saya, saya suka kan nya, That for you 5",,,,False,"Good, with this I know better the time of prayer and I can study the Quran in my spare time, I like it, That for you 5"
0dcc9eff-800c-4199-b5e5-048dfdd59a14,Muslim Pro: Quran Athan Prayer,5,id,>100M,4-5,Aplikasi ini sangat membantu untuk ramadhan tahun ini,,,,False,
383af555-0ca1-4bf6-b3fa-5b0192bb27ce,Muslim Pro: Quran Athan Prayer,5,en,>100M,4-5,if you are Muslim this app is for you please download it right now,,,,False,
c11a129c-892b-441a-92bb-a553104247da,Athan: Prayer Times & Al Quran,5,en,10M-100M,4-5,It has really helped me with my prayers and getting aligned with Allah once again,,,,False,
5af37b39-6233-4f3e-a3a1-2c21846252c8,iPray: Prayer Times & Qibla,5,en,1M-10M,4-5,The only issue i had is the volume of fajr prayer azaan sounded too loud as its very quiet in the morning with no sound pollution i woke up to it and it unsettled me for 5 minutes. It should start with very low volume and start increasing volume after 2 sentences. Apart from this such a nice widget to have on home screen shows which prayer is active and the notification bar shows how much time left until next prayer. Really useful as a prayer time widget well designed also qibla compass works.,,,,False,
2db000ec-a951-4199-a6c9-d700a8b897da,Athan: Prayer Times & Al Quran,5,en,10M-100M,4-5,The most astounding athan apps.,,,,False,
0e9ec9a0-9624-4a1a-bd80-ca45ea6e458e,صلاتك Salatuk (Prayer time),5,en,10M-100M,4-5,The best App ever. It has all the needed features Baraka Allah fekom. I would even give you 100 not only 5 stars,,,,False,
5bda30f1-e2be-4009-ba55-c334e1ff823e,Athan: Prayer Times & Al Quran,4,en,10M-100M,4-5,"The app is great and I've been using it for many years now. But I noticed since the latest update, the prayer schedule for each month hasn't been available. It only shows it on a week by week basis. I rather liked having the monthly schedule since it helps me plan my weeks in advance.",,,,False,
05162690-57f7-473a-8f01-dfef4d7f9e68,Muslim Pro: Quran Athan Prayer,1,ar,>100M,1-2,نجمه وحده وما يستاهلها كل ما ادخل خانه اعلان اعلان اعلان ادخل التطبيق ابي اشوف كم باقي على الآذان يطلع اعلان تدخل خانة اللي فيها اوقات الأذان اعلان اقل شيء نص دقيقة وما يمديك تتخطاه، اعرف تحتاج فلوس علشان تطول التطيبق بس ما تخليه اشتراك لو اقدر اشتريه مرة وللأبد كان ممكن أفكر الحين حذف بدون رجعه <>ماكس,,,,False,نجمه وحده وما يستاهلها كل ما ادخل خانه اعلان اعلان اعلان ادخل التطبيق ابي اشوف كم باقي على الآذان يطلع اعلان تدخل خانة اللي فيها اوقات الأذان اعلان اقل شيء نص دقيقة وما يمديك تتخطاه، اعرف تحتاج فلوس علشان تطول التطيبق بس ما تخليه اشتراك لو اقدر اشتريه مرة وللأبد كان ممكن أفكر الحين حذف بدون رجعه <>ماكس
53d44ef2-28e8-48d2-bd5b-0b69dccb5e03,Muslim Bangla Quran Hadith Dua,5,en,1M-10M,4-5,Alhmdulillah this app is so cool...,,,,False,
02dff794-91b0-4675-b640-b4ba1f0f0254,Pillars: Prayer Times & Qibla,5,en,<1M,4-5,"I love that the tracker includes option to pause for women. The minimalist design is beautiful. Even fast tracker it would be great if adhan notifications get paused too, so you don't have to silent each prayer individually and then set notifications again for each prayer",,,,False,
c3690854-7553-467b-8453-99ea22a94ae5,Prayer Times - Qibla & Namaz,5,en,1M-10M,4-5,Mashallah keep it up! great app ! need to add daily targets would have made it more than perfect!,,,,False,
7fe95daf-c869-4bde-9efb-7ff8035de9fc,Muslim Pro: Quran Athan Prayer,4,en,>100M,4-5,"It's a very good app, but it'll get better if it has hadith features in it, because I can't find it anywhere.",,,,False,
e6702e85-0df4-4a14-986c-734d7675f1fd,Athan: Prayer Times & Al Quran,5,en,10M-100M,4-5,Best app but too much ads so I uninstalled it after trying this.,,,,False,
ffa2bd5c-f4ce-4c33-af24-4369795633ff,Prayer Times and Qibla,1,en,1M-10M,1-2,Bad app can't even hear the alarm alert,,,,False,
5a5aa1c0-d8bc-4377-9d19-0084eac9243d,"Wemu: WeMuslim, Athan&Qibla",5,id,>100M,4-5,app terbaik yg baru pertama kali saya cuba,,,,False,the best app that I just tried for the first time
2ea1fab6-0e69-4538-b54b-562b700020d1,Muslim Pro: Quran Athan Prayer,4,ms,>100M,4-5,"Setakat ini memuaskan, namun boleh dperbaiki & perbanyakkan lagi info & perkongsian ilmu agama.",,,,False,"So far satisfactory, but can be improved & more information & sharing of religious knowledge."
58f06c0b-5109-47cd-a43c-6f82c40c1574,صلاتك Salatuk (Prayer time),2,en,10M-100M,1-2,"This latest update is terrible, I dont even recognize the app any more. FYI: I use Android v10. Please restore this app to how good it used to be so that I can use it again.",,,,False,
ef83953d-75a0-42dc-8058-42b6ed7b9579,Muslim Pro: Quran Athan Prayer,5,en,>100M,4-5,Super app but more ads in app,,,,False,
cb5d1819-508a-4ed1-b2cf-870b40ab4f59,Athan: Prayer Times & Al Quran,5,en,10M-100M,4-5,Veey good app very use full,,,,False,
d75c2f36-17ce-4836-9b9b-b7ae20ff3ff0,Muslim Pro: Quran Athan Prayer,5,ar,>100M,4-5,جزاهم الله خيرا عن هدا المشروع الناجح المتكامل,,,,False,May God reward them well for this successful and integrated project
7b9503ee-2178-455b-b51a-e56d47a032bb,Muslim Pro: Quran Athan Prayer,5,en,>100M,4-5,Subhana Allah I can describe what this website have for Muslims . Now the timetable of salaat is quite sure with Hadhan who remained you that time of salaat is there and the QURAN . I believe that the people who make this website if there are Muslim the will going to be rewarding a very rewards level of reward if ALLAH ( SWT ) wish who many people make them DUA . And I was the few people who joined them first if I wasn't the first and I make them Dua for them .,,,,False,
